Building row + thumbnail images from src/albums ...
src/albums/personal/2023-08-15 14.10.46.jpg -> row:src/row/personal/2023-08-15 14.10.46.webp (71296 bytes), thumb:src/thumbs/personal/2023-08-15 14.10.46.webp (46490 bytes)
src/albums/personal/z5907399251433_e184f23720e11a14c78d9439eb72d638.jpg -> row:src/row/personal/z5907399251433_e184f23720e11a14c78d9439eb72d638.webp (96070 bytes), thumb:src/thumbs/personal/z5907399251433_e184f23720e11a14c78d9439eb72d638.webp (83890 bytes)
src/albums/personal/1682502388040.jpg -> row:src/row/personal/1682502388040.webp (99844 bytes), thumb:src/thumbs/personal/1682502388040.webp (91490 bytes)
src/albums/personal/photo_2023-05-06 09.33.17.jpeg -> row:src/row/personal/photo_2023-05-06 09.33.17.webp (237400 bytes), thumb:src/thumbs/personal/photo_2023-05-06 09.33.17.webp (97484 bytes)
src/albums/personal/photo_2023-05-06 09.33.20.jpeg -> row:src/row/personal/photo_2023-05-06 09.33.20.webp (282856 bytes), thumb:src/thumbs/personal/photo_2023-05-06 09.33.20.webp (127636 bytes)
src/albums/personal/2023-05-06 09.29.24.jpg -> row:src/row/personal/2023-05-06 09.29.24.webp (49426 bytes), thumb:src/thumbs/personal/2023-05-06 09.29.24.webp (24420 bytes)
SKIP src/albums/meo_mit/z5324152704395_1890274888b0112946cce1ed882098f9.jpg (up-to-date)
SKIP src/albums/meo_mit/2023-08-18-0.jpg (up-to-date)
SKIP src/albums/meo_mit/2023-08-18-1.jpg (up-to-date)
SKIP src/albums/meo_mit/2023-08-18-222222.jpg (up-to-date)
SKIP src/albums/meo_mit/z5324152704396_6c9debd8e8ac9db66f2e2a0121072d06.jpg (up-to-date)
SKIP src/albums/meo_mit/z5324152697578_af5c4bebc8805e9b420ba2555be687fe.jpg (up-to-date)
SKIP src/albums/meo_mit/z5070085314801_0702d16d2912c23d69a50eff2894d88d.jpg (up-to-date)
Done: generated .webp files in src/row and src/thumbs
Converted: 6 | Skipped: 7 | Failed: 0 | Removed row: 0 | Removed thumbs: 0

Done.
Output folders:
  - src/row
  - src/thumbs

Tip: run this command each time you add new images/albums:
  ./scripts/build-album-images.sh
Building row + thumbnail images for album: personal
SKIP src/albums/personal/2023-08-15 14.10.46.jpg (up-to-date)
SKIP src/albums/personal/z5907399251433_e184f23720e11a14c78d9439eb72d638.jpg (up-to-date)
SKIP src/albums/personal/1682502388040.jpg (up-to-date)
SKIP src/albums/personal/photo_2023-05-06 09.33.17.jpeg (up-to-date)
SKIP src/albums/personal/photo_2023-05-06 09.33.20.jpeg (up-to-date)
SKIP src/albums/personal/2023-05-06 09.29.24.jpg (up-to-date)
Done: generated .webp files in src/row and src/thumbs
Converted: 0 | Skipped: 6 | Failed: 0 | Removed row: 0 | Removed thumbs: 0

Done.
Output folders:
  - src/row
  - src/thumbs

Tip: run this command each time you add new images/albums:
  ./scripts/build-album-images.sh
Building row + thumbnail images from src/albums ...
src/albums/2023-08-15_14.10.46.jpg/2023-08-15 14.10.46.jpg -> row:src/row/2023-08-15_14.10.46.jpg/2023-08-15 14.10.46.webp (71296 bytes), thumb:src/thumbs/2023-08-15_14.10.46.jpg/2023-08-15 14.10.46.webp (46490 bytes)
src/albums/2023-08-15_14.10.46.jpg/z5907399251433_e184f23720e11a14c78d9439eb72d638.jpg -> row:src/row/2023-08-15_14.10.46.jpg/z5907399251433_e184f23720e11a14c78d9439eb72d638.webp (96070 bytes), thumb:src/thumbs/2023-08-15_14.10.46.jpg/z5907399251433_e184f23720e11a14c78d9439eb72d638.webp (83890 bytes)
src/albums/2023-08-15_14.10.46.jpg/1682502388040.jpg -> row:src/row/2023-08-15_14.10.46.jpg/1682502388040.webp (99844 bytes), thumb:src/thumbs/2023-08-15_14.10.46.jpg/1682502388040.webp (91490 bytes)
src/albums/2023-08-15_14.10.46.jpg/photo_2023-05-06 09.33.17.jpeg -> row:src/row/2023-08-15_14.10.46.jpg/photo_2023-05-06 09.33.17.webp (237400 bytes), thumb:src/thumbs/2023-08-15_14.10.46.jpg/photo_2023-05-06 09.33.17.webp (97484 bytes)
src/albums/2023-08-15_14.10.46.jpg/photo_2023-05-06 09.33.20.jpeg -> row:src/row/2023-08-15_14.10.46.jpg/photo_2023-05-06 09.33.20.webp (282856 bytes), thumb:src/thumbs/2023-08-15_14.10.46.jpg/photo_2023-05-06 09.33.20.webp (127636 bytes)
src/albums/2023-08-15_14.10.46.jpg/2023-05-06 09.29.24.jpg -> row:src/row/2023-08-15_14.10.46.jpg/2023-05-06 09.29.24.webp (49426 bytes), thumb:src/thumbs/2023-08-15_14.10.46.jpg/2023-05-06 09.29.24.webp (24420 bytes)
SKIP src/albums/meo_mit/z5324152704395_1890274888b0112946cce1ed882098f9.jpg (up-to-date)
SKIP src/albums/meo_mit/2023-08-18-0.jpg (up-to-date)
SKIP src/albums/meo_mit/2023-08-18-1.jpg (up-to-date)
SKIP src/albums/meo_mit/2023-08-18-222222.jpg (up-to-date)
SKIP src/albums/meo_mit/z5324152704396_6c9debd8e8ac9db66f2e2a0121072d06.jpg (up-to-date)
SKIP src/albums/meo_mit/z5324152697578_af5c4bebc8805e9b420ba2555be687fe.jpg (up-to-date)
SKIP src/albums/meo_mit/z5070085314801_0702d16d2912c23d69a50eff2894d88d.jpg (up-to-date)
Done: generated .webp files in src/row and src/thumbs
Converted: 6 | Skipped: 7 | Failed: 0 | Removed row: 0 | Removed thumbs: 0

Done.
Output folders:
  - src/row
  - src/thumbs

Tip: run this command each time you add new images/albums:
  ./scripts/build-album-images.sh
Building row + thumbnail images from src/albums ...
src/albums/personal/2023-08-15 14.10.46.jpg -> row:src/row/personal/2023-08-15 14.10.46.webp (71296 bytes), thumb:src/thumbs/personal/2023-08-15 14.10.46.webp (46490 bytes)
src/albums/personal/z5907399251433_e184f23720e11a14c78d9439eb72d638.jpg -> row:src/row/personal/z5907399251433_e184f23720e11a14c78d9439eb72d638.webp (96070 bytes), thumb:src/thumbs/personal/z5907399251433_e184f23720e11a14c78d9439eb72d638.webp (83890 bytes)
src/albums/personal/1682502388040.jpg -> row:src/row/personal/1682502388040.webp (99844 bytes), thumb:src/thumbs/personal/1682502388040.webp (91490 bytes)
src/albums/personal/photo_2023-05-06 09.33.17.jpeg -> row:src/row/personal/photo_2023-05-06 09.33.17.webp (237400 bytes), thumb:src/thumbs/personal/photo_2023-05-06 09.33.17.webp (97484 bytes)
src/albums/personal/photo_2023-05-06 09.33.20.jpeg -> row:src/row/personal/photo_2023-05-06 09.33.20.webp (282856 bytes), thumb:src/thumbs/personal/photo_2023-05-06 09.33.20.webp (127636 bytes)
src/albums/personal/2023-05-06 09.29.24.jpg -> row:src/row/personal/2023-05-06 09.29.24.webp (49426 bytes), thumb:src/thumbs/personal/2023-05-06 09.29.24.webp (24420 bytes)
SKIP src/albums/meo_mit/z5324152704395_1890274888b0112946cce1ed882098f9.jpg (up-to-date)
SKIP src/albums/meo_mit/2023-08-18-0.jpg (up-to-date)
SKIP src/albums/meo_mit/2023-08-18-1.jpg (up-to-date)
SKIP src/albums/meo_mit/2023-08-18-222222.jpg (up-to-date)
SKIP src/albums/meo_mit/z5324152704396_6c9debd8e8ac9db66f2e2a0121072d06.jpg (up-to-date)
SKIP src/albums/meo_mit/z5324152697578_af5c4bebc8805e9b420ba2555be687fe.jpg (up-to-date)
SKIP src/albums/meo_mit/z5070085314801_0702d16d2912c23d69a50eff2894d88d.jpg (up-to-date)
Done: generated .webp files in src/row and src/thumbs
Converted: 6 | Skipped: 7 | Failed: 0 | Removed row: 0 | Removed thumbs: 0

Done.
Output folders:
  - src/row
  - src/thumbs

Tip: run this command each time you add new images/albums:
  ./scripts/build-album-images.sh
Building row + thumbnail images from src/albums ...
src/albums/personal/2023-08-15 14.10.46.jpg -> row:src/row/personal/2023-08-15 14.10.46.webp (71296 bytes), thumb:src/thumbs/personal/2023-08-15 14.10.46.webp (46490 bytes)
src/albums/personal/photo_2023-05-06 09.33.17-1.jpeg -> row:src/row/personal/photo_2023-05-06 09.33.17-1.webp (237400 bytes), thumb:src/thumbs/personal/photo_2023-05-06 09.33.17-1.webp (97484 bytes)
SKIP src/albums/personal/z5907399251433_e184f23720e11a14c78d9439eb72d638.jpg (up-to-date)
src/albums/personal/1682502388040-1.jpg -> row:src/row/personal/1682502388040-1.webp (99844 bytes), thumb:src/thumbs/personal/1682502388040-1.webp (91490 bytes)
SKIP src/albums/personal/1682502388040.jpg (up-to-date)
SKIP src/albums/personal/photo_2023-05-06 09.33.17.jpeg (up-to-date)
src/albums/personal/photo_2023-05-06 09.33.20-1.jpeg -> row:src/row/personal/photo_2023-05-06 09.33.20-1.webp (282856 bytes), thumb:src/thumbs/personal/photo_2023-05-06 09.33.20-1.webp (127636 bytes)
SKIP src/albums/personal/photo_2023-05-06 09.33.20.jpeg (up-to-date)
src/albums/personal/z5907399251433_e184f23720e11a14c78d9439eb72d638-1.jpg -> row:src/row/personal/z5907399251433_e184f23720e11a14c78d9439eb72d638-1.webp (96070 bytes), thumb:src/thumbs/personal/z5907399251433_e184f23720e11a14c78d9439eb72d638-1.webp (83890 bytes)
src/albums/personal/2023-05-06 09.29.24.jpg -> row:src/row/personal/2023-05-06 09.29.24.webp (49426 bytes), thumb:src/thumbs/personal/2023-05-06 09.29.24.webp (24420 bytes)
SKIP src/albums/meo_mit/z5324152704395_1890274888b0112946cce1ed882098f9.jpg (up-to-date)
SKIP src/albums/meo_mit/2023-08-18-1.jpg (up-to-date)
SKIP src/albums/meo_mit/2023-08-18-222222.jpg (up-to-date)
SKIP src/albums/meo_mit/z5324152704396_6c9debd8e8ac9db66f2e2a0121072d06.jpg (up-to-date)
SKIP src/albums/meo_mit/2023-08-18-000.jpg (up-to-date)
SKIP src/albums/meo_mit/z5324152697578_af5c4bebc8805e9b420ba2555be687fe.jpg (up-to-date)
SKIP src/albums/meo_mit/z5070085314801_0702d16d2912c23d69a50eff2894d88d.jpg (up-to-date)
Done: generated .webp files in src/row and src/thumbs
Converted: 6 | Skipped: 11 | Failed: 0 | Removed row: 0 | Removed thumbs: 0

Done.
Output folders:
  - src/row
  - src/thumbs

Tip: run this command each time you add new images/albums:
  ./scripts/build-album-images.sh
Building row + thumbnail images from src/albums ...
SKIP src/albums/personal/photo_2023-05-06 09.33.17-1.jpeg (up-to-date)
SKIP src/albums/personal/1682502388040-1.jpg (up-to-date)
SKIP src/albums/personal/photo_2023-05-06 09.33.20-1.jpeg (up-to-date)
SKIP src/albums/personal/z5907399251433_e184f23720e11a14c78d9439eb72d638-1.jpg (up-to-date)
SKIP src/albums/meo_mit/z5324152704395_1890274888b0112946cce1ed882098f9.jpg (up-to-date)
SKIP src/albums/meo_mit/2023-08-18-1.jpg (up-to-date)
SKIP src/albums/meo_mit/2023-08-18-222222.jpg (up-to-date)
SKIP src/albums/meo_mit/z5324152704396_6c9debd8e8ac9db66f2e2a0121072d06.jpg (up-to-date)
SKIP src/albums/meo_mit/2023-08-18-000.jpg (up-to-date)
SKIP src/albums/meo_mit/z5324152697578_af5c4bebc8805e9b420ba2555be687fe.jpg (up-to-date)
SKIP src/albums/meo_mit/z5070085314801_0702d16d2912c23d69a50eff2894d88d.jpg (up-to-date)
src/albums/hinh_tet_2020-20251205t024301z-1-001/IMG_2617.jpg -> row:src/row/hinh_tet_2020-20251205t024301z-1-001/IMG_2617.webp (491528 bytes), thumb:src/thumbs/hinh_tet_2020-20251205t024301z-1-001/IMG_2617.webp (78670 bytes)
src/albums/hinh_tet_2020-20251205t024301z-1-001/IMG_2549.jpg -> row:src/row/hinh_tet_2020-20251205t024301z-1-001/IMG_2549.webp (456346 bytes), thumb:src/thumbs/hinh_tet_2020-20251205t024301z-1-001/IMG_2549.webp (41176 bytes)
src/albums/hinh_tet_2020-20251205t024301z-1-001/IMG_2574.jpg -> row:src/row/hinh_tet_2020-20251205t024301z-1-001/IMG_2574.webp (497706 bytes), thumb:src/thumbs/hinh_tet_2020-20251205t024301z-1-001/IMG_2574.webp (68474 bytes)
src/albums/hinh_tet_2020-20251205t024301z-1-001/IMG_2616.jpg -> row:src/row/hinh_tet_2020-20251205t024301z-1-001/IMG_2616.webp (493172 bytes), thumb:src/thumbs/hinh_tet_2020-20251205t024301z-1-001/IMG_2616.webp (72910 bytes)
src/albums/hinh_tet_2020-20251205t024301z-1-001/IMG_2602.jpg -> row:src/row/hinh_tet_2020-20251205t024301z-1-001/IMG_2602.webp (488296 bytes), thumb:src/thumbs/hinh_tet_2020-20251205t024301z-1-001/IMG_2602.webp (118722 bytes)
src/albums/hinh_tet_2020-20251205t024301z-1-001/IMG_2614.jpg -> row:src/row/hinh_tet_2020-20251205t024301z-1-001/IMG_2614.webp (495842 bytes), thumb:src/thumbs/hinh_tet_2020-20251205t024301z-1-001/IMG_2614.webp (120884 bytes)
src/albums/hinh_tet_2020-20251205t024301z-1-001/IMG_2600.jpg -> row:src/row/hinh_tet_2020-20251205t024301z-1-001/IMG_2600.webp (483572 bytes), thumb:src/thumbs/hinh_tet_2020-20251205t024301z-1-001/IMG_2600.webp (66926 bytes)
src/albums/hinh_tet_2020-20251205t024301z-1-001/IMG_2589.jpg -> row:src/row/hinh_tet_2020-20251205t024301z-1-001/IMG_2589.webp (901350 bytes), thumb:src/thumbs/hinh_tet_2020-20251205t024301z-1-001/IMG_2589.webp (31460 bytes)
src/albums/hinh_tet_2020-20251205t024301z-1-001/IMG_2576.jpg -> row:src/row/hinh_tet_2020-20251205t024301z-1-001/IMG_2576.webp (471760 bytes), thumb:src/thumbs/hinh_tet_2020-20251205t024301z-1-001/IMG_2576.webp (70448 bytes)
src/albums/hinh_tet_2020-20251205t024301z-1-001/IMG_2760.jpg -> row:src/row/hinh_tet_2020-20251205t024301z-1-001/IMG_2760.webp (427114 bytes), thumb:src/thumbs/hinh_tet_2020-20251205t024301z-1-001/IMG_2760.webp (38154 bytes)
src/albums/hinh_tet_2020-20251205t024301z-1-001/IMG_2761.jpg -> row:src/row/hinh_tet_2020-20251205t024301z-1-001/IMG_2761.webp (464322 bytes), thumb:src/thumbs/hinh_tet_2020-20251205t024301z-1-001/IMG_2761.webp (77794 bytes)
src/albums/hinh_tet_2020-20251205t024301z-1-001/IMG_2577.jpg -> row:src/row/hinh_tet_2020-20251205t024301z-1-001/IMG_2577.webp (492584 bytes), thumb:src/thumbs/hinh_tet_2020-20251205t024301z-1-001/IMG_2577.webp (77764 bytes)
src/albums/hinh_tet_2020-20251205t024301z-1-001/IMG_2588.jpg -> row:src/row/hinh_tet_2020-20251205t024301z-1-001/IMG_2588.webp (908522 bytes), thumb:src/thumbs/hinh_tet_2020-20251205t024301z-1-001/IMG_2588.webp (31808 bytes)
src/albums/hinh_tet_2020-20251205t024301z-1-001/IMG_2629.jpg -> row:src/row/hinh_tet_2020-20251205t024301z-1-001/IMG_2629.webp (490556 bytes), thumb:src/thumbs/hinh_tet_2020-20251205t024301z-1-001/IMG_2629.webp (83424 bytes)
src/albums/hinh_tet_2020-20251205t024301z-1-001/IMG_2615.jpg -> row:src/row/hinh_tet_2020-20251205t024301z-1-001/IMG_2615.webp (492126 bytes), thumb:src/thumbs/hinh_tet_2020-20251205t024301z-1-001/IMG_2615.webp (76024 bytes)
src/albums/hinh_tet_2020-20251205t024301z-1-001/IMG_2639.jpg -> row:src/row/hinh_tet_2020-20251205t024301z-1-001/IMG_2639.webp (490406 bytes), thumb:src/thumbs/hinh_tet_2020-20251205t024301z-1-001/IMG_2639.webp (85232 bytes)
src/albums/hinh_tet_2020-20251205t024301z-1-001/IMG_2611.jpg -> row:src/row/hinh_tet_2020-20251205t024301z-1-001/IMG_2611.webp (485748 bytes), thumb:src/thumbs/hinh_tet_2020-20251205t024301z-1-001/IMG_2611.webp (119440 bytes)
src/albums/hinh_tet_2020-20251205t024301z-1-001/IMG_2605.jpg -> row:src/row/hinh_tet_2020-20251205t024301z-1-001/IMG_2605.webp (489286 bytes), thumb:src/thumbs/hinh_tet_2020-20251205t024301z-1-001/IMG_2605.webp (118364 bytes)
src/albums/hinh_tet_2020-20251205t024301z-1-001/IMG_2598.jpg -> row:src/row/hinh_tet_2020-20251205t024301z-1-001/IMG_2598.webp (493322 bytes), thumb:src/thumbs/hinh_tet_2020-20251205t024301z-1-001/IMG_2598.webp (54976 bytes)
src/albums/hinh_tet_2020-20251205t024301z-1-001/IMG_2567.jpg -> row:src/row/hinh_tet_2020-20251205t024301z-1-001/IMG_2567.webp (495828 bytes), thumb:src/thumbs/hinh_tet_2020-20251205t024301z-1-001/IMG_2567.webp (68796 bytes)
src/albums/hinh_tet_2020-20251205t024301z-1-001/IMG_2573.jpg -> row:src/row/hinh_tet_2020-20251205t024301z-1-001/IMG_2573.webp (489590 bytes), thumb:src/thumbs/hinh_tet_2020-20251205t024301z-1-001/IMG_2573.webp (66630 bytes)
src/albums/hinh_tet_2020-20251205t024301z-1-001/IMG_2572.jpg -> row:src/row/hinh_tet_2020-20251205t024301z-1-001/IMG_2572.webp (487646 bytes), thumb:src/thumbs/hinh_tet_2020-20251205t024301z-1-001/IMG_2572.webp (63018 bytes)
src/albums/hinh_tet_2020-20251205t024301z-1-001/IMG_2604.jpg -> row:src/row/hinh_tet_2020-20251205t024301z-1-001/IMG_2604.webp (490170 bytes), thumb:src/thumbs/hinh_tet_2020-20251205t024301z-1-001/IMG_2604.webp (123408 bytes)
src/albums/hinh_tet_2020-20251205t024301z-1-001/IMG_2610.jpg -> row:src/row/hinh_tet_2020-20251205t024301z-1-001/IMG_2610.webp (490810 bytes), thumb:src/thumbs/hinh_tet_2020-20251205t024301z-1-001/IMG_2610.webp (123572 bytes)
src/albums/hinh_tet_2020-20251205t024301z-1-001/IMG_2638.jpg -> row:src/row/hinh_tet_2020-20251205t024301z-1-001/IMG_2638.webp (485048 bytes), thumb:src/thumbs/hinh_tet_2020-20251205t024301z-1-001/IMG_2638.webp (70544 bytes)
src/albums/hinh_tet_2020-20251205t024301z-1-001/IMG_2606.jpg -> row:src/row/hinh_tet_2020-20251205t024301z-1-001/IMG_2606.webp (1694254 bytes), thumb:src/thumbs/hinh_tet_2020-20251205t024301z-1-001/IMG_2606.webp (123256 bytes)
src/albums/hinh_tet_2020-20251205t024301z-1-001/IMG_2612.jpg -> row:src/row/hinh_tet_2020-20251205t024301z-1-001/IMG_2612.webp (491942 bytes), thumb:src/thumbs/hinh_tet_2020-20251205t024301z-1-001/IMG_2612.webp (125414 bytes)
src/albums/hinh_tet_2020-20251205t024301z-1-001/IMG_2570.jpg -> row:src/row/hinh_tet_2020-20251205t024301z-1-001/IMG_2570.webp (493016 bytes), thumb:src/thumbs/hinh_tet_2020-20251205t024301z-1-001/IMG_2570.webp (62816 bytes)
src/albums/hinh_tet_2020-20251205t024301z-1-001/IMG_2613.jpg -> row:src/row/hinh_tet_2020-20251205t024301z-1-001/IMG_2613.webp (485482 bytes), thumb:src/thumbs/hinh_tet_2020-20251205t024301z-1-001/IMG_2613.webp (119472 bytes)
src/albums/hinh_tet_2020-20251205t024301z-1-001/IMG_2607.jpg -> row:src/row/hinh_tet_2020-20251205t024301z-1-001/IMG_2607.webp (491422 bytes), thumb:src/thumbs/hinh_tet_2020-20251205t024301z-1-001/IMG_2607.webp (122536 bytes)
src/albums/hinh_tet_2020-20251205t024301z-1-001/IMG_2674.jpg -> row:src/row/hinh_tet_2020-20251205t024301z-1-001/IMG_2674.webp (1100688 bytes), thumb:src/thumbs/hinh_tet_2020-20251205t024301z-1-001/IMG_2674.webp (99484 bytes)
src/albums/hinh_tet_2020-20251205t024301z-1-001/IMG_2648.jpg -> row:src/row/hinh_tet_2020-20251205t024301z-1-001/IMG_2648.webp (494276 bytes), thumb:src/thumbs/hinh_tet_2020-20251205t024301z-1-001/IMG_2648.webp (102112 bytes)
src/albums/hinh_tet_2020-20251205t024301z-1-001/IMG_2700.jpg -> row:src/row/hinh_tet_2020-20251205t024301z-1-001/IMG_2700.webp (487030 bytes), thumb:src/thumbs/hinh_tet_2020-20251205t024301z-1-001/IMG_2700.webp (73288 bytes)
src/albums/hinh_tet_2020-20251205t024301z-1-001/IMG_2728.jpg -> row:src/row/hinh_tet_2020-20251205t024301z-1-001/IMG_2728.webp (491874 bytes), thumb:src/thumbs/hinh_tet_2020-20251205t024301z-1-001/IMG_2728.webp (92552 bytes)
src/albums/hinh_tet_2020-20251205t024301z-1-001/IMG_2729.jpg -> row:src/row/hinh_tet_2020-20251205t024301z-1-001/IMG_2729.webp (491350 bytes), thumb:src/thumbs/hinh_tet_2020-20251205t024301z-1-001/IMG_2729.webp (91874 bytes)
src/albums/hinh_tet_2020-20251205t024301z-1-001/IMG_2649.jpg -> row:src/row/hinh_tet_2020-20251205t024301z-1-001/IMG_2649.webp (492276 bytes), thumb:src/thumbs/hinh_tet_2020-20251205t024301z-1-001/IMG_2649.webp (98118 bytes)
src/albums/hinh_tet_2020-20251205t024301z-1-001/IMG_2675.jpg -> row:src/row/hinh_tet_2020-20251205t024301z-1-001/IMG_2675.webp (496272 bytes), thumb:src/thumbs/hinh_tet_2020-20251205t024301z-1-001/IMG_2675.webp (95828 bytes)
src/albums/hinh_tet_2020-20251205t024301z-1-001/IMG_2661.jpg -> row:src/row/hinh_tet_2020-20251205t024301z-1-001/IMG_2661.webp (494968 bytes), thumb:src/thumbs/hinh_tet_2020-20251205t024301z-1-001/IMG_2661.webp (72860 bytes)
src/albums/hinh_tet_2020-20251205t024301z-1-001/IMG_2688.jpg -> row:src/row/hinh_tet_2020-20251205t024301z-1-001/IMG_2688.webp (483312 bytes), thumb:src/thumbs/hinh_tet_2020-20251205t024301z-1-001/IMG_2688.webp (68720 bytes)
src/albums/hinh_tet_2020-20251205t024301z-1-001/IMG_2677.jpg -> row:src/row/hinh_tet_2020-20251205t024301z-1-001/IMG_2677.webp (485730 bytes), thumb:src/thumbs/hinh_tet_2020-20251205t024301z-1-001/IMG_2677.webp (99298 bytes)
src/albums/hinh_tet_2020-20251205t024301z-1-001/IMG_2703.jpg -> row:src/row/hinh_tet_2020-20251205t024301z-1-001/IMG_2703.webp (491414 bytes), thumb:src/thumbs/hinh_tet_2020-20251205t024301z-1-001/IMG_2703.webp (94316 bytes)
src/albums/hinh_tet_2020-20251205t024301z-1-001/IMG_2716.jpg -> row:src/row/hinh_tet_2020-20251205t024301z-1-001/IMG_2716.webp (453292 bytes), thumb:src/thumbs/hinh_tet_2020-20251205t024301z-1-001/IMG_2716.webp (47214 bytes)
src/albums/hinh_tet_2020-20251205t024301z-1-001/IMG_2662.jpg -> row:src/row/hinh_tet_2020-20251205t024301z-1-001/IMG_2662.webp (494398 bytes), thumb:src/thumbs/hinh_tet_2020-20251205t024301z-1-001/IMG_2662.webp (69310 bytes)
src/albums/hinh_tet_2020-20251205t024301z-1-001/IMG_2676.jpg -> row:src/row/hinh_tet_2020-20251205t024301z-1-001/IMG_2676.webp (499588 bytes), thumb:src/thumbs/hinh_tet_2020-20251205t024301z-1-001/IMG_2676.webp (92372 bytes)
src/albums/hinh_tet_2020-20251205t024301z-1-001/IMG_2699.jpg -> row:src/row/hinh_tet_2020-20251205t024301z-1-001/IMG_2699.webp (493172 bytes), thumb:src/thumbs/hinh_tet_2020-20251205t024301z-1-001/IMG_2699.webp (75286 bytes)
src/albums/hinh_tet_2020-20251205t024301z-1-001/IMG_2672.jpg -> row:src/row/hinh_tet_2020-20251205t024301z-1-001/IMG_2672.webp (485316 bytes), thumb:src/thumbs/hinh_tet_2020-20251205t024301z-1-001/IMG_2672.webp (94290 bytes)
src/albums/hinh_tet_2020-20251205t024301z-1-001/IMG_2706.jpg -> row:src/row/hinh_tet_2020-20251205t024301z-1-001/IMG_2706.webp (494982 bytes), thumb:src/thumbs/hinh_tet_2020-20251205t024301z-1-001/IMG_2706.webp (91114 bytes)
src/albums/hinh_tet_2020-20251205t024301z-1-001/IMG_2712.jpg -> row:src/row/hinh_tet_2020-20251205t024301z-1-001/IMG_2712.webp (479558 bytes), thumb:src/thumbs/hinh_tet_2020-20251205t024301z-1-001/IMG_2712.webp (47990 bytes)
src/albums/hinh_tet_2020-20251205t024301z-1-001/IMG_2707.jpg -> row:src/row/hinh_tet_2020-20251205t024301z-1-001/IMG_2707.webp (484734 bytes), thumb:src/thumbs/hinh_tet_2020-20251205t024301z-1-001/IMG_2707.webp (47456 bytes)
src/albums/hinh_tet_2020-20251205t024301z-1-001/IMG_2667.jpg -> row:src/row/hinh_tet_2020-20251205t024301z-1-001/IMG_2667.webp (491934 bytes), thumb:src/thumbs/hinh_tet_2020-20251205t024301z-1-001/IMG_2667.webp (76366 bytes)
src/albums/hinh_tet_2020-20251205t024301z-1-001/IMG_2673.jpg -> row:src/row/hinh_tet_2020-20251205t024301z-1-001/IMG_2673.webp (494902 bytes), thumb:src/thumbs/hinh_tet_2020-20251205t024301z-1-001/IMG_2673.webp (102094 bytes)
src/albums/hinh_tet_2020-20251205t024301z-1-001/IMG_2698.jpg -> row:src/row/hinh_tet_2020-20251205t024301z-1-001/IMG_2698.webp (489530 bytes), thumb:src/thumbs/hinh_tet_2020-20251205t024301z-1-001/IMG_2698.webp (77200 bytes)
src/albums/hinh_tet_2020-20251205t024301z-1-001/IMG_2665.jpg -> row:src/row/hinh_tet_2020-20251205t024301z-1-001/IMG_2665.webp (492396 bytes), thumb:src/thumbs/hinh_tet_2020-20251205t024301z-1-001/IMG_2665.webp (74520 bytes)
src/albums/hinh_tet_2020-20251205t024301z-1-001/IMG_2671.jpg -> row:src/row/hinh_tet_2020-20251205t024301z-1-001/IMG_2671.webp (494234 bytes), thumb:src/thumbs/hinh_tet_2020-20251205t024301z-1-001/IMG_2671.webp (96486 bytes)
src/albums/hinh_tet_2020-20251205t024301z-1-001/IMG_2739.jpg -> row:src/row/hinh_tet_2020-20251205t024301z-1-001/IMG_2739.webp (490540 bytes), thumb:src/thumbs/hinh_tet_2020-20251205t024301z-1-001/IMG_2739.webp (71954 bytes)
src/albums/hinh_tet_2020-20251205t024301z-1-001/IMG_2704.jpg -> row:src/row/hinh_tet_2020-20251205t024301z-1-001/IMG_2704.webp (491110 bytes), thumb:src/thumbs/hinh_tet_2020-20251205t024301z-1-001/IMG_2704.webp (87970 bytes)
src/albums/hinh_tet_2020-20251205t024301z-1-001/IMG_2710.jpg -> row:src/row/hinh_tet_2020-20251205t024301z-1-001/IMG_2710.webp (452124 bytes), thumb:src/thumbs/hinh_tet_2020-20251205t024301z-1-001/IMG_2710.webp (45360 bytes)
src/albums/hinh_tet_2020-20251205t024301z-1-001/IMG_2738.jpg -> row:src/row/hinh_tet_2020-20251205t024301z-1-001/IMG_2738.webp (1395024 bytes), thumb:src/thumbs/hinh_tet_2020-20251205t024301z-1-001/IMG_2738.webp (64154 bytes)
src/albums/hinh_tet_2020-20251205t024301z-1-001/IMG_2664.jpg -> row:src/row/hinh_tet_2020-20251205t024301z-1-001/IMG_2664.webp (494132 bytes), thumb:src/thumbs/hinh_tet_2020-20251205t024301z-1-001/IMG_2664.webp (71314 bytes)
src/albums/hinh_tet_2020-20251205t024301z-1-001/IMG_2682.jpg -> row:src/row/hinh_tet_2020-20251205t024301z-1-001/IMG_2682.webp (475294 bytes), thumb:src/thumbs/hinh_tet_2020-20251205t024301z-1-001/IMG_2682.webp (69240 bytes)
src/albums/hinh_tet_2020-20251205t024301z-1-001/IMG_2696.jpg -> row:src/row/hinh_tet_2020-20251205t024301z-1-001/IMG_2696.webp (481662 bytes), thumb:src/thumbs/hinh_tet_2020-20251205t024301z-1-001/IMG_2696.webp (73668 bytes)
src/albums/hinh_tet_2020-20251205t024301z-1-001/IMG_2641.jpg -> row:src/row/hinh_tet_2020-20251205t024301z-1-001/IMG_2641.webp (492030 bytes), thumb:src/thumbs/hinh_tet_2020-20251205t024301z-1-001/IMG_2641.webp (89708 bytes)
src/albums/hinh_tet_2020-20251205t024301z-1-001/IMG_2669.jpg -> row:src/row/hinh_tet_2020-20251205t024301z-1-001/IMG_2669.webp (488698 bytes), thumb:src/thumbs/hinh_tet_2020-20251205t024301z-1-001/IMG_2669.webp (75290 bytes)
src/albums/hinh_tet_2020-20251205t024301z-1-001/IMG_2735.jpg -> row:src/row/hinh_tet_2020-20251205t024301z-1-001/IMG_2735.webp (493898 bytes), thumb:src/thumbs/hinh_tet_2020-20251205t024301z-1-001/IMG_2735.webp (67720 bytes)
src/albums/hinh_tet_2020-20251205t024301z-1-001/IMG_2721.jpg -> row:src/row/hinh_tet_2020-20251205t024301z-1-001/IMG_2721.webp (491766 bytes), thumb:src/thumbs/hinh_tet_2020-20251205t024301z-1-001/IMG_2721.webp (93862 bytes)
src/albums/hinh_tet_2020-20251205t024301z-1-001/IMG_2708.jpg -> row:src/row/hinh_tet_2020-20251205t024301z-1-001/IMG_2708.webp (472220 bytes), thumb:src/thumbs/hinh_tet_2020-20251205t024301z-1-001/IMG_2708.webp (46240 bytes)
src/albums/hinh_tet_2020-20251205t024301z-1-001/IMG_2720.jpg -> row:src/row/hinh_tet_2020-20251205t024301z-1-001/IMG_2720.webp (494474 bytes), thumb:src/thumbs/hinh_tet_2020-20251205t024301z-1-001/IMG_2720.webp (91520 bytes)
src/albums/hinh_tet_2020-20251205t024301z-1-001/IMG_2734.jpg -> row:src/row/hinh_tet_2020-20251205t024301z-1-001/IMG_2734.webp (490554 bytes), thumb:src/thumbs/hinh_tet_2020-20251205t024301z-1-001/IMG_2734.webp (91842 bytes)
src/albums/hinh_tet_2020-20251205t024301z-1-001/IMG_2668.jpg -> row:src/row/hinh_tet_2020-20251205t024301z-1-001/IMG_2668.webp (492842 bytes), thumb:src/thumbs/hinh_tet_2020-20251205t024301z-1-001/IMG_2668.webp (71042 bytes)
src/albums/hinh_tet_2020-20251205t024301z-1-001/IMG_2654.jpg -> row:src/row/hinh_tet_2020-20251205t024301z-1-001/IMG_2654.webp (495160 bytes), thumb:src/thumbs/hinh_tet_2020-20251205t024301z-1-001/IMG_2654.webp (85478 bytes)
src/albums/hinh_tet_2020-20251205t024301z-1-001/IMG_2640.jpg -> row:src/row/hinh_tet_2020-20251205t024301z-1-001/IMG_2640.webp (489536 bytes), thumb:src/thumbs/hinh_tet_2020-20251205t024301z-1-001/IMG_2640.webp (78474 bytes)
src/albums/hinh_tet_2020-20251205t024301z-1-001/IMG_2697.jpg -> row:src/row/hinh_tet_2020-20251205t024301z-1-001/IMG_2697.webp (491784 bytes), thumb:src/thumbs/hinh_tet_2020-20251205t024301z-1-001/IMG_2697.webp (79874 bytes)
src/albums/hinh_tet_2020-20251205t024301z-1-001/IMG_2683.jpg -> row:src/row/hinh_tet_2020-20251205t024301z-1-001/IMG_2683.webp (490836 bytes), thumb:src/thumbs/hinh_tet_2020-20251205t024301z-1-001/IMG_2683.webp (73558 bytes)
src/albums/hinh_tet_2020-20251205t024301z-1-001/IMG_2695.jpg -> row:src/row/hinh_tet_2020-20251205t024301z-1-001/IMG_2695.webp (492006 bytes), thumb:src/thumbs/hinh_tet_2020-20251205t024301z-1-001/IMG_2695.webp (76644 bytes)
src/albums/hinh_tet_2020-20251205t024301z-1-001/IMG_2681.jpg -> row:src/row/hinh_tet_2020-20251205t024301z-1-001/IMG_2681.webp (484590 bytes), thumb:src/thumbs/hinh_tet_2020-20251205t024301z-1-001/IMG_2681.webp (74524 bytes)
src/albums/hinh_tet_2020-20251205t024301z-1-001/IMG_2642.jpg -> row:src/row/hinh_tet_2020-20251205t024301z-1-001/IMG_2642.webp (492302 bytes), thumb:src/thumbs/hinh_tet_2020-20251205t024301z-1-001/IMG_2642.webp (82766 bytes)
src/albums/hinh_tet_2020-20251205t024301z-1-001/IMG_2722.jpg -> row:src/row/hinh_tet_2020-20251205t024301z-1-001/IMG_2722.webp (1260044 bytes), thumb:src/thumbs/hinh_tet_2020-20251205t024301z-1-001/IMG_2722.webp (89034 bytes)
src/albums/hinh_tet_2020-20251205t024301z-1-001/IMG_2736.jpg -> row:src/row/hinh_tet_2020-20251205t024301z-1-001/IMG_2736.webp (499828 bytes), thumb:src/thumbs/hinh_tet_2020-20251205t024301z-1-001/IMG_2736.webp (69634 bytes)
src/albums/hinh_tet_2020-20251205t024301z-1-001/IMG_2723.jpg -> row:src/row/hinh_tet_2020-20251205t024301z-1-001/IMG_2723.webp (490290 bytes), thumb:src/thumbs/hinh_tet_2020-20251205t024301z-1-001/IMG_2723.webp (91356 bytes)
src/albums/hinh_tet_2020-20251205t024301z-1-001/IMG_2643.jpg -> row:src/row/hinh_tet_2020-20251205t024301z-1-001/IMG_2643.webp (495264 bytes), thumb:src/thumbs/hinh_tet_2020-20251205t024301z-1-001/IMG_2643.webp (100722 bytes)
src/albums/hinh_tet_2020-20251205t024301z-1-001/IMG_2680.jpg -> row:src/row/hinh_tet_2020-20251205t024301z-1-001/IMG_2680.webp (492614 bytes), thumb:src/thumbs/hinh_tet_2020-20251205t024301z-1-001/IMG_2680.webp (91644 bytes)
src/albums/hinh_tet_2020-20251205t024301z-1-001/IMG_2694.jpg -> row:src/row/hinh_tet_2020-20251205t024301z-1-001/IMG_2694.webp (487062 bytes), thumb:src/thumbs/hinh_tet_2020-20251205t024301z-1-001/IMG_2694.webp (71850 bytes)
src/albums/hinh_tet_2020-20251205t024301z-1-001/IMG_2653.jpg -> row:src/row/hinh_tet_2020-20251205t024301z-1-001/IMG_2653.webp (491154 bytes), thumb:src/thumbs/hinh_tet_2020-20251205t024301z-1-001/IMG_2653.webp (95630 bytes)
src/albums/hinh_tet_2020-20251205t024301z-1-001/IMG_2647.jpg -> row:src/row/hinh_tet_2020-20251205t024301z-1-001/IMG_2647.webp (492484 bytes), thumb:src/thumbs/hinh_tet_2020-20251205t024301z-1-001/IMG_2647.webp (105974 bytes)
src/albums/hinh_tet_2020-20251205t024301z-1-001/IMG_2486.jpg -> row:src/row/hinh_tet_2020-20251205t024301z-1-001/IMG_2486.webp (106596 bytes), thumb:src/thumbs/hinh_tet_2020-20251205t024301z-1-001/IMG_2486.webp (25678 bytes)
src/albums/hinh_tet_2020-20251205t024301z-1-001/IMG_2727.jpg -> row:src/row/hinh_tet_2020-20251205t024301z-1-001/IMG_2727.webp (338194 bytes), thumb:src/thumbs/hinh_tet_2020-20251205t024301z-1-001/IMG_2727.webp (93320 bytes)
src/albums/hinh_tet_2020-20251205t024301z-1-001/IMG_2732.jpg -> row:src/row/hinh_tet_2020-20251205t024301z-1-001/IMG_2732.webp (301320 bytes), thumb:src/thumbs/hinh_tet_2020-20251205t024301z-1-001/IMG_2732.webp (93650 bytes)
src/albums/hinh_tet_2020-20251205t024301z-1-001/IMG_2726.jpg -> row:src/row/hinh_tet_2020-20251205t024301z-1-001/IMG_2726.webp (494660 bytes), thumb:src/thumbs/hinh_tet_2020-20251205t024301z-1-001/IMG_2726.webp (89870 bytes)
src/albums/hinh_tet_2020-20251205t024301z-1-001/IMG_2524.jpg -> row:src/row/hinh_tet_2020-20251205t024301z-1-001/IMG_2524.webp (171150 bytes), thumb:src/thumbs/hinh_tet_2020-20251205t024301z-1-001/IMG_2524.webp (48032 bytes)
src/albums/hinh_tet_2020-20251205t024301z-1-001/IMG_2646.jpg -> row:src/row/hinh_tet_2020-20251205t024301z-1-001/IMG_2646.webp (489626 bytes), thumb:src/thumbs/hinh_tet_2020-20251205t024301z-1-001/IMG_2646.webp (105952 bytes)
src/albums/hinh_tet_2020-20251205t024301z-1-001/IMG_2652.jpg -> row:src/row/hinh_tet_2020-20251205t024301z-1-001/IMG_2652.webp (489346 bytes), thumb:src/thumbs/hinh_tet_2020-20251205t024301z-1-001/IMG_2652.webp (90816 bytes)
src/albums/hinh_tet_2020-20251205t024301z-1-001/IMG_2691.jpg -> row:src/row/hinh_tet_2020-20251205t024301z-1-001/IMG_2691.webp (498454 bytes), thumb:src/thumbs/hinh_tet_2020-20251205t024301z-1-001/IMG_2691.webp (72680 bytes)
src/albums/hinh_tet_2020-20251205t024301z-1-001/IMG_2687.jpg -> row:src/row/hinh_tet_2020-20251205t024301z-1-001/IMG_2687.webp (495592 bytes), thumb:src/thumbs/hinh_tet_2020-20251205t024301z-1-001/IMG_2687.webp (74916 bytes)
src/albums/hinh_tet_2020-20251205t024301z-1-001/IMG_2693.jpg -> row:src/row/hinh_tet_2020-20251205t024301z-1-001/IMG_2693.webp (493092 bytes), thumb:src/thumbs/hinh_tet_2020-20251205t024301z-1-001/IMG_2693.webp (75680 bytes)
src/albums/hinh_tet_2020-20251205t024301z-1-001/IMG_2678.jpg -> row:src/row/hinh_tet_2020-20251205t024301z-1-001/IMG_2678.webp (493742 bytes), thumb:src/thumbs/hinh_tet_2020-20251205t024301z-1-001/IMG_2678.webp (93626 bytes)
src/albums/hinh_tet_2020-20251205t024301z-1-001/IMG_2644.jpg -> row:src/row/hinh_tet_2020-20251205t024301z-1-001/IMG_2644.webp (493192 bytes), thumb:src/thumbs/hinh_tet_2020-20251205t024301z-1-001/IMG_2644.webp (105202 bytes)
src/albums/hinh_tet_2020-20251205t024301z-1-001/IMG_2650.jpg -> row:src/row/hinh_tet_2020-20251205t024301z-1-001/IMG_2650.webp (1511474 bytes), thumb:src/thumbs/hinh_tet_2020-20251205t024301z-1-001/IMG_2650.webp (93680 bytes)
src/albums/hinh_tet_2020-20251205t024301z-1-001/IMG_2718.jpg -> row:src/row/hinh_tet_2020-20251205t024301z-1-001/IMG_2718.webp (495958 bytes), thumb:src/thumbs/hinh_tet_2020-20251205t024301z-1-001/IMG_2718.webp (96004 bytes)
src/albums/hinh_tet_2020-20251205t024301z-1-001/IMG_2730.jpg -> row:src/row/hinh_tet_2020-20251205t024301z-1-001/IMG_2730.webp (491318 bytes), thumb:src/thumbs/hinh_tet_2020-20251205t024301z-1-001/IMG_2730.webp (92026 bytes)
src/albums/hinh_tet_2020-20251205t024301z-1-001/IMG_2724.jpg -> row:src/row/hinh_tet_2020-20251205t024301z-1-001/IMG_2724.webp (492440 bytes), thumb:src/thumbs/hinh_tet_2020-20251205t024301z-1-001/IMG_2724.webp (88462 bytes)
src/albums/hinh_tet_2020-20251205t024301z-1-001/IMG_2725.jpg -> row:src/row/hinh_tet_2020-20251205t024301z-1-001/IMG_2725.webp (488526 bytes), thumb:src/thumbs/hinh_tet_2020-20251205t024301z-1-001/IMG_2725.webp (95142 bytes)
src/albums/hinh_tet_2020-20251205t024301z-1-001/IMG_2731.jpg -> row:src/row/hinh_tet_2020-20251205t024301z-1-001/IMG_2731.webp (493974 bytes), thumb:src/thumbs/hinh_tet_2020-20251205t024301z-1-001/IMG_2731.webp (90524 bytes)
src/albums/hinh_tet_2020-20251205t024301z-1-001/IMG_2719.jpg -> row:src/row/hinh_tet_2020-20251205t024301z-1-001/IMG_2719.webp (491644 bytes), thumb:src/thumbs/hinh_tet_2020-20251205t024301z-1-001/IMG_2719.webp (91232 bytes)
src/albums/hinh_tet_2020-20251205t024301z-1-001/IMG_2651.jpg -> row:src/row/hinh_tet_2020-20251205t024301z-1-001/IMG_2651.webp (493686 bytes), thumb:src/thumbs/hinh_tet_2020-20251205t024301z-1-001/IMG_2651.webp (96214 bytes)
src/albums/hinh_tet_2020-20251205t024301z-1-001/IMG_2645.jpg -> row:src/row/hinh_tet_2020-20251205t024301z-1-001/IMG_2645.webp (491254 bytes), thumb:src/thumbs/hinh_tet_2020-20251205t024301z-1-001/IMG_2645.webp (109532 bytes)
src/albums/hinh_tet_2020-20251205t024301z-1-001/IMG_2679.jpg -> row:src/row/hinh_tet_2020-20251205t024301z-1-001/IMG_2679.webp (493430 bytes), thumb:src/thumbs/hinh_tet_2020-20251205t024301z-1-001/IMG_2679.webp (95044 bytes)
src/albums/hinh_tet_2020-20251205t024301z-1-001/IMG_2692.jpg -> row:src/row/hinh_tet_2020-20251205t024301z-1-001/IMG_2692.webp (458344 bytes), thumb:src/thumbs/hinh_tet_2020-20251205t024301z-1-001/IMG_2692.webp (67174 bytes)
src/albums/hinh_tet_2020-20251205t024301z-1-001/IMG_2622.jpg -> row:src/row/hinh_tet_2020-20251205t024301z-1-001/IMG_2622.webp (492374 bytes), thumb:src/thumbs/hinh_tet_2020-20251205t024301z-1-001/IMG_2622.webp (53448 bytes)
src/albums/hinh_tet_2020-20251205t024301z-1-001/IMG_2636.jpg -> row:src/row/hinh_tet_2020-20251205t024301z-1-001/IMG_2636.webp (1509370 bytes), thumb:src/thumbs/hinh_tet_2020-20251205t024301z-1-001/IMG_2636.webp (65432 bytes)
src/albums/hinh_tet_2020-20251205t024301z-1-001/IMG_2568.jpg -> row:src/row/hinh_tet_2020-20251205t024301z-1-001/IMG_2568.webp (1481952 bytes), thumb:src/thumbs/hinh_tet_2020-20251205t024301z-1-001/IMG_2568.webp (65428 bytes)
src/albums/hinh_tet_2020-20251205t024301z-1-001/IMG_2742.jpg -> row:src/row/hinh_tet_2020-20251205t024301z-1-001/IMG_2742.webp (499006 bytes), thumb:src/thumbs/hinh_tet_2020-20251205t024301z-1-001/IMG_2742.webp (61490 bytes)
src/albums/hinh_tet_2020-20251205t024301z-1-001/IMG_2569.jpg -> row:src/row/hinh_tet_2020-20251205t024301z-1-001/IMG_2569.webp (483754 bytes), thumb:src/thumbs/hinh_tet_2020-20251205t024301z-1-001/IMG_2569.webp (66010 bytes)
src/albums/hinh_tet_2020-20251205t024301z-1-001/IMG_2596.jpg -> row:src/row/hinh_tet_2020-20251205t024301z-1-001/IMG_2596.webp (498726 bytes), thumb:src/thumbs/hinh_tet_2020-20251205t024301z-1-001/IMG_2596.webp (52002 bytes)
src/albums/hinh_tet_2020-20251205t024301z-1-001/IMG_2637.jpg -> row:src/row/hinh_tet_2020-20251205t024301z-1-001/IMG_2637.webp (1636540 bytes), thumb:src/thumbs/hinh_tet_2020-20251205t024301z-1-001/IMG_2637.webp (72188 bytes)
src/albums/hinh_tet_2020-20251205t024301z-1-001/IMG_2623.jpg -> row:src/row/hinh_tet_2020-20251205t024301z-1-001/IMG_2623.webp (483996 bytes), thumb:src/thumbs/hinh_tet_2020-20251205t024301z-1-001/IMG_2623.webp (56206 bytes)
src/albums/hinh_tet_2020-20251205t024301z-1-001/IMG_2635.jpg -> row:src/row/hinh_tet_2020-20251205t024301z-1-001/IMG_2635.webp (1728756 bytes), thumb:src/thumbs/hinh_tet_2020-20251205t024301z-1-001/IMG_2635.webp (68116 bytes)
src/albums/hinh_tet_2020-20251205t024301z-1-001/IMG_2621.jpg -> row:src/row/hinh_tet_2020-20251205t024301z-1-001/IMG_2621.webp (490534 bytes), thumb:src/thumbs/hinh_tet_2020-20251205t024301z-1-001/IMG_2621.webp (52724 bytes)
src/albums/hinh_tet_2020-20251205t024301z-1-001/IMG_2609.jpg -> row:src/row/hinh_tet_2020-20251205t024301z-1-001/IMG_2609.webp (489322 bytes), thumb:src/thumbs/hinh_tet_2020-20251205t024301z-1-001/IMG_2609.webp (116838 bytes)
src/albums/hinh_tet_2020-20251205t024301z-1-001/IMG_2580.jpg -> row:src/row/hinh_tet_2020-20251205t024301z-1-001/IMG_2580.webp (454590 bytes), thumb:src/thumbs/hinh_tet_2020-20251205t024301z-1-001/IMG_2580.webp (72122 bytes)
src/albums/hinh_tet_2020-20251205t024301z-1-001/IMG_2594.jpg -> row:src/row/hinh_tet_2020-20251205t024301z-1-001/IMG_2594.webp (489794 bytes), thumb:src/thumbs/hinh_tet_2020-20251205t024301z-1-001/IMG_2594.webp (42758 bytes)
src/albums/hinh_tet_2020-20251205t024301z-1-001/IMG_2740.jpg -> row:src/row/hinh_tet_2020-20251205t024301z-1-001/IMG_2740.webp (1424830 bytes), thumb:src/thumbs/hinh_tet_2020-20251205t024301z-1-001/IMG_2740.webp (65356 bytes)
src/albums/hinh_tet_2020-20251205t024301z-1-001/IMG_2595.jpg -> row:src/row/hinh_tet_2020-20251205t024301z-1-001/IMG_2595.webp (494964 bytes), thumb:src/thumbs/hinh_tet_2020-20251205t024301z-1-001/IMG_2595.webp (48576 bytes)
src/albums/hinh_tet_2020-20251205t024301z-1-001/IMG_2608.jpg -> row:src/row/hinh_tet_2020-20251205t024301z-1-001/IMG_2608.webp (493118 bytes), thumb:src/thumbs/hinh_tet_2020-20251205t024301z-1-001/IMG_2608.webp (111632 bytes)
src/albums/hinh_tet_2020-20251205t024301z-1-001/IMG_2620.jpg -> row:src/row/hinh_tet_2020-20251205t024301z-1-001/IMG_2620.webp (488722 bytes), thumb:src/thumbs/hinh_tet_2020-20251205t024301z-1-001/IMG_2620.webp (53194 bytes)
src/albums/hinh_tet_2020-20251205t024301z-1-001/IMG_2634.jpg -> row:src/row/hinh_tet_2020-20251205t024301z-1-001/IMG_2634.webp (475076 bytes), thumb:src/thumbs/hinh_tet_2020-20251205t024301z-1-001/IMG_2634.webp (66412 bytes)
src/albums/hinh_tet_2020-20251205t024301z-1-001/IMG_2618.jpg -> row:src/row/hinh_tet_2020-20251205t024301z-1-001/IMG_2618.webp (474938 bytes), thumb:src/thumbs/hinh_tet_2020-20251205t024301z-1-001/IMG_2618.webp (73968 bytes)
src/albums/hinh_tet_2020-20251205t024301z-1-001/IMG_2630.jpg -> row:src/row/hinh_tet_2020-20251205t024301z-1-001/IMG_2630.webp (495846 bytes), thumb:src/thumbs/hinh_tet_2020-20251205t024301z-1-001/IMG_2630.webp (71696 bytes)
src/albums/hinh_tet_2020-20251205t024301z-1-001/IMG_2585.jpg -> row:src/row/hinh_tet_2020-20251205t024301z-1-001/IMG_2585.webp (932254 bytes), thumb:src/thumbs/hinh_tet_2020-20251205t024301z-1-001/IMG_2585.webp (31554 bytes)
src/albums/hinh_tet_2020-20251205t024301z-1-001/IMG_2744.jpg -> row:src/row/hinh_tet_2020-20251205t024301z-1-001/IMG_2744.webp (494566 bytes), thumb:src/thumbs/hinh_tet_2020-20251205t024301z-1-001/IMG_2744.webp (65388 bytes)
src/albums/hinh_tet_2020-20251205t024301z-1-001/IMG_2590.jpg -> row:src/row/hinh_tet_2020-20251205t024301z-1-001/IMG_2590.webp (481784 bytes), thumb:src/thumbs/hinh_tet_2020-20251205t024301z-1-001/IMG_2590.webp (32120 bytes)
src/albums/hinh_tet_2020-20251205t024301z-1-001/IMG_2625.jpg -> row:src/row/hinh_tet_2020-20251205t024301z-1-001/IMG_2625.webp (490960 bytes), thumb:src/thumbs/hinh_tet_2020-20251205t024301z-1-001/IMG_2625.webp (87534 bytes)
src/albums/hinh_tet_2020-20251205t024301z-1-001/IMG_2619.jpg -> row:src/row/hinh_tet_2020-20251205t024301z-1-001/IMG_2619.webp (489396 bytes), thumb:src/thumbs/hinh_tet_2020-20251205t024301z-1-001/IMG_2619.webp (55248 bytes)
src/albums/hinh_tet_2020-20251205t024301z-1-001/IMG_2592.jpg -> row:src/row/hinh_tet_2020-20251205t024301z-1-001/IMG_2592.webp (481714 bytes), thumb:src/thumbs/hinh_tet_2020-20251205t024301z-1-001/IMG_2592.webp (44544 bytes)
src/albums/hinh_tet_2020-20251205t024301z-1-001/IMG_2586.jpg -> row:src/row/hinh_tet_2020-20251205t024301z-1-001/IMG_2586.webp (485770 bytes), thumb:src/thumbs/hinh_tet_2020-20251205t024301z-1-001/IMG_2586.webp (31482 bytes)
src/albums/hinh_tet_2020-20251205t024301z-1-001/IMG_2578.jpg -> row:src/row/hinh_tet_2020-20251205t024301z-1-001/IMG_2578.webp (304198 bytes), thumb:src/thumbs/hinh_tet_2020-20251205t024301z-1-001/IMG_2578.webp (72382 bytes)
src/albums/hinh_tet_2020-20251205t024301z-1-001/IMG_2587.jpg -> row:src/row/hinh_tet_2020-20251205t024301z-1-001/IMG_2587.webp (490924 bytes), thumb:src/thumbs/hinh_tet_2020-20251205t024301z-1-001/IMG_2587.webp (32664 bytes)
src/albums/hinh_tet_2020-20251205t024301z-1-001/IMG_2626.jpg -> row:src/row/hinh_tet_2020-20251205t024301z-1-001/IMG_2626.webp (491538 bytes), thumb:src/thumbs/hinh_tet_2020-20251205t024301z-1-001/IMG_2626.webp (71264 bytes)
Done: generated .webp files in src/row and src/thumbs
Converted: 137 | Skipped: 11 | Failed: 0 | Removed row: 0 | Removed thumbs: 0

Done.
Output folders:
  - src/row
  - src/thumbs

Tip: run this command each time you add new images/albums:
  ./scripts/build-album-images.sh
Building row + thumbnail images for album: hinh_tet_2020-20251205t024301z-1-001
src/albums/hinh_tet_2020-20251205t024301z-1-001/IMG_2617.jpg -> row:src/row/hinh_tet_2020-20251205t024301z-1-001/IMG_2617.webp (491528 bytes), thumb:src/thumbs/hinh_tet_2020-20251205t024301z-1-001/IMG_2617.webp (78670 bytes)
src/albums/hinh_tet_2020-20251205t024301z-1-001/IMG_2549.jpg -> row:src/row/hinh_tet_2020-20251205t024301z-1-001/IMG_2549.webp (456346 bytes), thumb:src/thumbs/hinh_tet_2020-20251205t024301z-1-001/IMG_2549.webp (41176 bytes)
src/albums/hinh_tet_2020-20251205t024301z-1-001/IMG_2574.jpg -> row:src/row/hinh_tet_2020-20251205t024301z-1-001/IMG_2574.webp (497706 bytes), thumb:src/thumbs/hinh_tet_2020-20251205t024301z-1-001/IMG_2574.webp (68474 bytes)
src/albums/hinh_tet_2020-20251205t024301z-1-001/IMG_2616.jpg -> row:src/row/hinh_tet_2020-20251205t024301z-1-001/IMG_2616.webp (493172 bytes), thumb:src/thumbs/hinh_tet_2020-20251205t024301z-1-001/IMG_2616.webp (72910 bytes)
src/albums/hinh_tet_2020-20251205t024301z-1-001/IMG_2602.jpg -> row:src/row/hinh_tet_2020-20251205t024301z-1-001/IMG_2602.webp (488296 bytes), thumb:src/thumbs/hinh_tet_2020-20251205t024301z-1-001/IMG_2602.webp (118722 bytes)
src/albums/hinh_tet_2020-20251205t024301z-1-001/IMG_2614.jpg -> row:src/row/hinh_tet_2020-20251205t024301z-1-001/IMG_2614.webp (495842 bytes), thumb:src/thumbs/hinh_tet_2020-20251205t024301z-1-001/IMG_2614.webp (120884 bytes)
src/albums/hinh_tet_2020-20251205t024301z-1-001/IMG_2600.jpg -> row:src/row/hinh_tet_2020-20251205t024301z-1-001/IMG_2600.webp (483572 bytes), thumb:src/thumbs/hinh_tet_2020-20251205t024301z-1-001/IMG_2600.webp (66926 bytes)
src/albums/hinh_tet_2020-20251205t024301z-1-001/IMG_2589.jpg -> row:src/row/hinh_tet_2020-20251205t024301z-1-001/IMG_2589.webp (901350 bytes), thumb:src/thumbs/hinh_tet_2020-20251205t024301z-1-001/IMG_2589.webp (31460 bytes)
src/albums/hinh_tet_2020-20251205t024301z-1-001/IMG_2576.jpg -> row:src/row/hinh_tet_2020-20251205t024301z-1-001/IMG_2576.webp (471760 bytes), thumb:src/thumbs/hinh_tet_2020-20251205t024301z-1-001/IMG_2576.webp (70448 bytes)
src/albums/hinh_tet_2020-20251205t024301z-1-001/IMG_2760.jpg -> row:src/row/hinh_tet_2020-20251205t024301z-1-001/IMG_2760.webp (427114 bytes), thumb:src/thumbs/hinh_tet_2020-20251205t024301z-1-001/IMG_2760.webp (38154 bytes)
src/albums/hinh_tet_2020-20251205t024301z-1-001/IMG_2761.jpg -> row:src/row/hinh_tet_2020-20251205t024301z-1-001/IMG_2761.webp (464322 bytes), thumb:src/thumbs/hinh_tet_2020-20251205t024301z-1-001/IMG_2761.webp (77794 bytes)
src/albums/hinh_tet_2020-20251205t024301z-1-001/IMG_2577.jpg -> row:src/row/hinh_tet_2020-20251205t024301z-1-001/IMG_2577.webp (492584 bytes), thumb:src/thumbs/hinh_tet_2020-20251205t024301z-1-001/IMG_2577.webp (77764 bytes)
src/albums/hinh_tet_2020-20251205t024301z-1-001/IMG_2588.jpg -> row:src/row/hinh_tet_2020-20251205t024301z-1-001/IMG_2588.webp (908522 bytes), thumb:src/thumbs/hinh_tet_2020-20251205t024301z-1-001/IMG_2588.webp (31808 bytes)
src/albums/hinh_tet_2020-20251205t024301z-1-001/IMG_2629.jpg -> row:src/row/hinh_tet_2020-20251205t024301z-1-001/IMG_2629.webp (490556 bytes), thumb:src/thumbs/hinh_tet_2020-20251205t024301z-1-001/IMG_2629.webp (83424 bytes)
src/albums/hinh_tet_2020-20251205t024301z-1-001/IMG_2615.jpg -> row:src/row/hinh_tet_2020-20251205t024301z-1-001/IMG_2615.webp (492126 bytes), thumb:src/thumbs/hinh_tet_2020-20251205t024301z-1-001/IMG_2615.webp (76024 bytes)
src/albums/hinh_tet_2020-20251205t024301z-1-001/IMG_2639.jpg -> row:src/row/hinh_tet_2020-20251205t024301z-1-001/IMG_2639.webp (490406 bytes), thumb:src/thumbs/hinh_tet_2020-20251205t024301z-1-001/IMG_2639.webp (85232 bytes)
src/albums/hinh_tet_2020-20251205t024301z-1-001/IMG_2611.jpg -> row:src/row/hinh_tet_2020-20251205t024301z-1-001/IMG_2611.webp (485748 bytes), thumb:src/thumbs/hinh_tet_2020-20251205t024301z-1-001/IMG_2611.webp (119440 bytes)
src/albums/hinh_tet_2020-20251205t024301z-1-001/IMG_2605.jpg -> row:src/row/hinh_tet_2020-20251205t024301z-1-001/IMG_2605.webp (489286 bytes), thumb:src/thumbs/hinh_tet_2020-20251205t024301z-1-001/IMG_2605.webp (118364 bytes)
src/albums/hinh_tet_2020-20251205t024301z-1-001/IMG_2598.jpg -> row:src/row/hinh_tet_2020-20251205t024301z-1-001/IMG_2598.webp (493322 bytes), thumb:src/thumbs/hinh_tet_2020-20251205t024301z-1-001/IMG_2598.webp (54976 bytes)
src/albums/hinh_tet_2020-20251205t024301z-1-001/IMG_2567.jpg -> row:src/row/hinh_tet_2020-20251205t024301z-1-001/IMG_2567.webp (495828 bytes), thumb:src/thumbs/hinh_tet_2020-20251205t024301z-1-001/IMG_2567.webp (68796 bytes)
src/albums/hinh_tet_2020-20251205t024301z-1-001/IMG_2573.jpg -> row:src/row/hinh_tet_2020-20251205t024301z-1-001/IMG_2573.webp (489590 bytes), thumb:src/thumbs/hinh_tet_2020-20251205t024301z-1-001/IMG_2573.webp (66630 bytes)
src/albums/hinh_tet_2020-20251205t024301z-1-001/IMG_2572.jpg -> row:src/row/hinh_tet_2020-20251205t024301z-1-001/IMG_2572.webp (487646 bytes), thumb:src/thumbs/hinh_tet_2020-20251205t024301z-1-001/IMG_2572.webp (63018 bytes)
src/albums/hinh_tet_2020-20251205t024301z-1-001/IMG_2604.jpg -> row:src/row/hinh_tet_2020-20251205t024301z-1-001/IMG_2604.webp (490170 bytes), thumb:src/thumbs/hinh_tet_2020-20251205t024301z-1-001/IMG_2604.webp (123408 bytes)
src/albums/hinh_tet_2020-20251205t024301z-1-001/IMG_2610.jpg -> row:src/row/hinh_tet_2020-20251205t024301z-1-001/IMG_2610.webp (490810 bytes), thumb:src/thumbs/hinh_tet_2020-20251205t024301z-1-001/IMG_2610.webp (123572 bytes)
src/albums/hinh_tet_2020-20251205t024301z-1-001/IMG_2638.jpg -> row:src/row/hinh_tet_2020-20251205t024301z-1-001/IMG_2638.webp (485048 bytes), thumb:src/thumbs/hinh_tet_2020-20251205t024301z-1-001/IMG_2638.webp (70544 bytes)
src/albums/hinh_tet_2020-20251205t024301z-1-001/IMG_2606.jpg -> row:src/row/hinh_tet_2020-20251205t024301z-1-001/IMG_2606.webp (1694254 bytes), thumb:src/thumbs/hinh_tet_2020-20251205t024301z-1-001/IMG_2606.webp (123256 bytes)
src/albums/hinh_tet_2020-20251205t024301z-1-001/IMG_2612.jpg -> row:src/row/hinh_tet_2020-20251205t024301z-1-001/IMG_2612.webp (491942 bytes), thumb:src/thumbs/hinh_tet_2020-20251205t024301z-1-001/IMG_2612.webp (125414 bytes)
src/albums/hinh_tet_2020-20251205t024301z-1-001/IMG_2570.jpg -> row:src/row/hinh_tet_2020-20251205t024301z-1-001/IMG_2570.webp (493016 bytes), thumb:src/thumbs/hinh_tet_2020-20251205t024301z-1-001/IMG_2570.webp (62816 bytes)
src/albums/hinh_tet_2020-20251205t024301z-1-001/IMG_2613.jpg -> row:src/row/hinh_tet_2020-20251205t024301z-1-001/IMG_2613.webp (485482 bytes), thumb:src/thumbs/hinh_tet_2020-20251205t024301z-1-001/IMG_2613.webp (119472 bytes)
src/albums/hinh_tet_2020-20251205t024301z-1-001/IMG_2607.jpg -> row:src/row/hinh_tet_2020-20251205t024301z-1-001/IMG_2607.webp (491422 bytes), thumb:src/thumbs/hinh_tet_2020-20251205t024301z-1-001/IMG_2607.webp (122536 bytes)
src/albums/hinh_tet_2020-20251205t024301z-1-001/IMG_2674.jpg -> row:src/row/hinh_tet_2020-20251205t024301z-1-001/IMG_2674.webp (1100688 bytes), thumb:src/thumbs/hinh_tet_2020-20251205t024301z-1-001/IMG_2674.webp (99484 bytes)
src/albums/hinh_tet_2020-20251205t024301z-1-001/IMG_2648.jpg -> row:src/row/hinh_tet_2020-20251205t024301z-1-001/IMG_2648.webp (494276 bytes), thumb:src/thumbs/hinh_tet_2020-20251205t024301z-1-001/IMG_2648.webp (102112 bytes)
src/albums/hinh_tet_2020-20251205t024301z-1-001/IMG_2700.jpg -> row:src/row/hinh_tet_2020-20251205t024301z-1-001/IMG_2700.webp (487030 bytes), thumb:src/thumbs/hinh_tet_2020-20251205t024301z-1-001/IMG_2700.webp (73288 bytes)
src/albums/hinh_tet_2020-20251205t024301z-1-001/IMG_2728.jpg -> row:src/row/hinh_tet_2020-20251205t024301z-1-001/IMG_2728.webp (491874 bytes), thumb:src/thumbs/hinh_tet_2020-20251205t024301z-1-001/IMG_2728.webp (92552 bytes)
src/albums/hinh_tet_2020-20251205t024301z-1-001/IMG_2729.jpg -> row:src/row/hinh_tet_2020-20251205t024301z-1-001/IMG_2729.webp (491350 bytes), thumb:src/thumbs/hinh_tet_2020-20251205t024301z-1-001/IMG_2729.webp (91874 bytes)
src/albums/hinh_tet_2020-20251205t024301z-1-001/IMG_2649.jpg -> row:src/row/hinh_tet_2020-20251205t024301z-1-001/IMG_2649.webp (492276 bytes), thumb:src/thumbs/hinh_tet_2020-20251205t024301z-1-001/IMG_2649.webp (98118 bytes)
src/albums/hinh_tet_2020-20251205t024301z-1-001/IMG_2675.jpg -> row:src/row/hinh_tet_2020-20251205t024301z-1-001/IMG_2675.webp (496272 bytes), thumb:src/thumbs/hinh_tet_2020-20251205t024301z-1-001/IMG_2675.webp (95828 bytes)
src/albums/hinh_tet_2020-20251205t024301z-1-001/IMG_2661.jpg -> row:src/row/hinh_tet_2020-20251205t024301z-1-001/IMG_2661.webp (494968 bytes), thumb:src/thumbs/hinh_tet_2020-20251205t024301z-1-001/IMG_2661.webp (72860 bytes)
src/albums/hinh_tet_2020-20251205t024301z-1-001/IMG_2688.jpg -> row:src/row/hinh_tet_2020-20251205t024301z-1-001/IMG_2688.webp (483312 bytes), thumb:src/thumbs/hinh_tet_2020-20251205t024301z-1-001/IMG_2688.webp (68720 bytes)
src/albums/hinh_tet_2020-20251205t024301z-1-001/IMG_2677.jpg -> row:src/row/hinh_tet_2020-20251205t024301z-1-001/IMG_2677.webp (485730 bytes), thumb:src/thumbs/hinh_tet_2020-20251205t024301z-1-001/IMG_2677.webp (99298 bytes)
src/albums/hinh_tet_2020-20251205t024301z-1-001/IMG_2703.jpg -> row:src/row/hinh_tet_2020-20251205t024301z-1-001/IMG_2703.webp (491414 bytes), thumb:src/thumbs/hinh_tet_2020-20251205t024301z-1-001/IMG_2703.webp (94316 bytes)
src/albums/hinh_tet_2020-20251205t024301z-1-001/IMG_2716.jpg -> row:src/row/hinh_tet_2020-20251205t024301z-1-001/IMG_2716.webp (453292 bytes), thumb:src/thumbs/hinh_tet_2020-20251205t024301z-1-001/IMG_2716.webp (47214 bytes)
src/albums/hinh_tet_2020-20251205t024301z-1-001/IMG_2662.jpg -> row:src/row/hinh_tet_2020-20251205t024301z-1-001/IMG_2662.webp (494398 bytes), thumb:src/thumbs/hinh_tet_2020-20251205t024301z-1-001/IMG_2662.webp (69310 bytes)
src/albums/hinh_tet_2020-20251205t024301z-1-001/IMG_2676.jpg -> row:src/row/hinh_tet_2020-20251205t024301z-1-001/IMG_2676.webp (499588 bytes), thumb:src/thumbs/hinh_tet_2020-20251205t024301z-1-001/IMG_2676.webp (92372 bytes)
src/albums/hinh_tet_2020-20251205t024301z-1-001/IMG_2699.jpg -> row:src/row/hinh_tet_2020-20251205t024301z-1-001/IMG_2699.webp (493172 bytes), thumb:src/thumbs/hinh_tet_2020-20251205t024301z-1-001/IMG_2699.webp (75286 bytes)
src/albums/hinh_tet_2020-20251205t024301z-1-001/IMG_2672.jpg -> row:src/row/hinh_tet_2020-20251205t024301z-1-001/IMG_2672.webp (485316 bytes), thumb:src/thumbs/hinh_tet_2020-20251205t024301z-1-001/IMG_2672.webp (94290 bytes)
src/albums/hinh_tet_2020-20251205t024301z-1-001/IMG_2706.jpg -> row:src/row/hinh_tet_2020-20251205t024301z-1-001/IMG_2706.webp (494982 bytes), thumb:src/thumbs/hinh_tet_2020-20251205t024301z-1-001/IMG_2706.webp (91114 bytes)
src/albums/hinh_tet_2020-20251205t024301z-1-001/IMG_2712.jpg -> row:src/row/hinh_tet_2020-20251205t024301z-1-001/IMG_2712.webp (479558 bytes), thumb:src/thumbs/hinh_tet_2020-20251205t024301z-1-001/IMG_2712.webp (47990 bytes)
src/albums/hinh_tet_2020-20251205t024301z-1-001/IMG_2707.jpg -> row:src/row/hinh_tet_2020-20251205t024301z-1-001/IMG_2707.webp (484734 bytes), thumb:src/thumbs/hinh_tet_2020-20251205t024301z-1-001/IMG_2707.webp (47456 bytes)
src/albums/hinh_tet_2020-20251205t024301z-1-001/IMG_2667.jpg -> row:src/row/hinh_tet_2020-20251205t024301z-1-001/IMG_2667.webp (491934 bytes), thumb:src/thumbs/hinh_tet_2020-20251205t024301z-1-001/IMG_2667.webp (76366 bytes)
src/albums/hinh_tet_2020-20251205t024301z-1-001/IMG_2673.jpg -> row:src/row/hinh_tet_2020-20251205t024301z-1-001/IMG_2673.webp (494902 bytes), thumb:src/thumbs/hinh_tet_2020-20251205t024301z-1-001/IMG_2673.webp (102094 bytes)
src/albums/hinh_tet_2020-20251205t024301z-1-001/IMG_2698.jpg -> row:src/row/hinh_tet_2020-20251205t024301z-1-001/IMG_2698.webp (489530 bytes), thumb:src/thumbs/hinh_tet_2020-20251205t024301z-1-001/IMG_2698.webp (77200 bytes)
src/albums/hinh_tet_2020-20251205t024301z-1-001/IMG_2665.jpg -> row:src/row/hinh_tet_2020-20251205t024301z-1-001/IMG_2665.webp (492396 bytes), thumb:src/thumbs/hinh_tet_2020-20251205t024301z-1-001/IMG_2665.webp (74520 bytes)
src/albums/hinh_tet_2020-20251205t024301z-1-001/IMG_2671.jpg -> row:src/row/hinh_tet_2020-20251205t024301z-1-001/IMG_2671.webp (494234 bytes), thumb:src/thumbs/hinh_tet_2020-20251205t024301z-1-001/IMG_2671.webp (96486 bytes)
src/albums/hinh_tet_2020-20251205t024301z-1-001/IMG_2739.jpg -> row:src/row/hinh_tet_2020-20251205t024301z-1-001/IMG_2739.webp (490540 bytes), thumb:src/thumbs/hinh_tet_2020-20251205t024301z-1-001/IMG_2739.webp (71954 bytes)
src/albums/hinh_tet_2020-20251205t024301z-1-001/IMG_2704.jpg -> row:src/row/hinh_tet_2020-20251205t024301z-1-001/IMG_2704.webp (491110 bytes), thumb:src/thumbs/hinh_tet_2020-20251205t024301z-1-001/IMG_2704.webp (87970 bytes)
src/albums/hinh_tet_2020-20251205t024301z-1-001/IMG_2710.jpg -> row:src/row/hinh_tet_2020-20251205t024301z-1-001/IMG_2710.webp (452124 bytes), thumb:src/thumbs/hinh_tet_2020-20251205t024301z-1-001/IMG_2710.webp (45360 bytes)
src/albums/hinh_tet_2020-20251205t024301z-1-001/IMG_2738.jpg -> row:src/row/hinh_tet_2020-20251205t024301z-1-001/IMG_2738.webp (1395024 bytes), thumb:src/thumbs/hinh_tet_2020-20251205t024301z-1-001/IMG_2738.webp (64154 bytes)
src/albums/hinh_tet_2020-20251205t024301z-1-001/IMG_2664.jpg -> row:src/row/hinh_tet_2020-20251205t024301z-1-001/IMG_2664.webp (494132 bytes), thumb:src/thumbs/hinh_tet_2020-20251205t024301z-1-001/IMG_2664.webp (71314 bytes)
src/albums/hinh_tet_2020-20251205t024301z-1-001/IMG_2682.jpg -> row:src/row/hinh_tet_2020-20251205t024301z-1-001/IMG_2682.webp (475294 bytes), thumb:src/thumbs/hinh_tet_2020-20251205t024301z-1-001/IMG_2682.webp (69240 bytes)
src/albums/hinh_tet_2020-20251205t024301z-1-001/IMG_2696.jpg -> row:src/row/hinh_tet_2020-20251205t024301z-1-001/IMG_2696.webp (481662 bytes), thumb:src/thumbs/hinh_tet_2020-20251205t024301z-1-001/IMG_2696.webp (73668 bytes)
src/albums/hinh_tet_2020-20251205t024301z-1-001/IMG_2641.jpg -> row:src/row/hinh_tet_2020-20251205t024301z-1-001/IMG_2641.webp (492030 bytes), thumb:src/thumbs/hinh_tet_2020-20251205t024301z-1-001/IMG_2641.webp (89708 bytes)
src/albums/hinh_tet_2020-20251205t024301z-1-001/IMG_2669.jpg -> row:src/row/hinh_tet_2020-20251205t024301z-1-001/IMG_2669.webp (488698 bytes), thumb:src/thumbs/hinh_tet_2020-20251205t024301z-1-001/IMG_2669.webp (75290 bytes)
src/albums/hinh_tet_2020-20251205t024301z-1-001/IMG_2735.jpg -> row:src/row/hinh_tet_2020-20251205t024301z-1-001/IMG_2735.webp (493898 bytes), thumb:src/thumbs/hinh_tet_2020-20251205t024301z-1-001/IMG_2735.webp (67720 bytes)
src/albums/hinh_tet_2020-20251205t024301z-1-001/IMG_2721.jpg -> row:src/row/hinh_tet_2020-20251205t024301z-1-001/IMG_2721.webp (491766 bytes), thumb:src/thumbs/hinh_tet_2020-20251205t024301z-1-001/IMG_2721.webp (93862 bytes)
src/albums/hinh_tet_2020-20251205t024301z-1-001/IMG_2708.jpg -> row:src/row/hinh_tet_2020-20251205t024301z-1-001/IMG_2708.webp (472220 bytes), thumb:src/thumbs/hinh_tet_2020-20251205t024301z-1-001/IMG_2708.webp (46240 bytes)
src/albums/hinh_tet_2020-20251205t024301z-1-001/IMG_2720.jpg -> row:src/row/hinh_tet_2020-20251205t024301z-1-001/IMG_2720.webp (494474 bytes), thumb:src/thumbs/hinh_tet_2020-20251205t024301z-1-001/IMG_2720.webp (91520 bytes)
src/albums/hinh_tet_2020-20251205t024301z-1-001/IMG_2734.jpg -> row:src/row/hinh_tet_2020-20251205t024301z-1-001/IMG_2734.webp (490554 bytes), thumb:src/thumbs/hinh_tet_2020-20251205t024301z-1-001/IMG_2734.webp (91842 bytes)
src/albums/hinh_tet_2020-20251205t024301z-1-001/IMG_2668.jpg -> row:src/row/hinh_tet_2020-20251205t024301z-1-001/IMG_2668.webp (492842 bytes), thumb:src/thumbs/hinh_tet_2020-20251205t024301z-1-001/IMG_2668.webp (71042 bytes)
src/albums/hinh_tet_2020-20251205t024301z-1-001/IMG_2654.jpg -> row:src/row/hinh_tet_2020-20251205t024301z-1-001/IMG_2654.webp (495160 bytes), thumb:src/thumbs/hinh_tet_2020-20251205t024301z-1-001/IMG_2654.webp (85478 bytes)
src/albums/hinh_tet_2020-20251205t024301z-1-001/IMG_2640.jpg -> row:src/row/hinh_tet_2020-20251205t024301z-1-001/IMG_2640.webp (489536 bytes), thumb:src/thumbs/hinh_tet_2020-20251205t024301z-1-001/IMG_2640.webp (78474 bytes)
src/albums/hinh_tet_2020-20251205t024301z-1-001/IMG_2697.jpg -> row:src/row/hinh_tet_2020-20251205t024301z-1-001/IMG_2697.webp (491784 bytes), thumb:src/thumbs/hinh_tet_2020-20251205t024301z-1-001/IMG_2697.webp (79874 bytes)
src/albums/hinh_tet_2020-20251205t024301z-1-001/IMG_2683.jpg -> row:src/row/hinh_tet_2020-20251205t024301z-1-001/IMG_2683.webp (490836 bytes), thumb:src/thumbs/hinh_tet_2020-20251205t024301z-1-001/IMG_2683.webp (73558 bytes)
src/albums/hinh_tet_2020-20251205t024301z-1-001/IMG_2695.jpg -> row:src/row/hinh_tet_2020-20251205t024301z-1-001/IMG_2695.webp (492006 bytes), thumb:src/thumbs/hinh_tet_2020-20251205t024301z-1-001/IMG_2695.webp (76644 bytes)
src/albums/hinh_tet_2020-20251205t024301z-1-001/IMG_2681.jpg -> row:src/row/hinh_tet_2020-20251205t024301z-1-001/IMG_2681.webp (484590 bytes), thumb:src/thumbs/hinh_tet_2020-20251205t024301z-1-001/IMG_2681.webp (74524 bytes)
src/albums/hinh_tet_2020-20251205t024301z-1-001/IMG_2642.jpg -> row:src/row/hinh_tet_2020-20251205t024301z-1-001/IMG_2642.webp (492302 bytes), thumb:src/thumbs/hinh_tet_2020-20251205t024301z-1-001/IMG_2642.webp (82766 bytes)
src/albums/hinh_tet_2020-20251205t024301z-1-001/IMG_2722.jpg -> row:src/row/hinh_tet_2020-20251205t024301z-1-001/IMG_2722.webp (1260044 bytes), thumb:src/thumbs/hinh_tet_2020-20251205t024301z-1-001/IMG_2722.webp (89034 bytes)
src/albums/hinh_tet_2020-20251205t024301z-1-001/IMG_2736.jpg -> row:src/row/hinh_tet_2020-20251205t024301z-1-001/IMG_2736.webp (499828 bytes), thumb:src/thumbs/hinh_tet_2020-20251205t024301z-1-001/IMG_2736.webp (69634 bytes)
src/albums/hinh_tet_2020-20251205t024301z-1-001/IMG_2723.jpg -> row:src/row/hinh_tet_2020-20251205t024301z-1-001/IMG_2723.webp (490290 bytes), thumb:src/thumbs/hinh_tet_2020-20251205t024301z-1-001/IMG_2723.webp (91356 bytes)
src/albums/hinh_tet_2020-20251205t024301z-1-001/IMG_2643.jpg -> row:src/row/hinh_tet_2020-20251205t024301z-1-001/IMG_2643.webp (495264 bytes), thumb:src/thumbs/hinh_tet_2020-20251205t024301z-1-001/IMG_2643.webp (100722 bytes)
src/albums/hinh_tet_2020-20251205t024301z-1-001/IMG_2680.jpg -> row:src/row/hinh_tet_2020-20251205t024301z-1-001/IMG_2680.webp (492614 bytes), thumb:src/thumbs/hinh_tet_2020-20251205t024301z-1-001/IMG_2680.webp (91644 bytes)
src/albums/hinh_tet_2020-20251205t024301z-1-001/IMG_2694.jpg -> row:src/row/hinh_tet_2020-20251205t024301z-1-001/IMG_2694.webp (487062 bytes), thumb:src/thumbs/hinh_tet_2020-20251205t024301z-1-001/IMG_2694.webp (71850 bytes)
src/albums/hinh_tet_2020-20251205t024301z-1-001/IMG_2653.jpg -> row:src/row/hinh_tet_2020-20251205t024301z-1-001/IMG_2653.webp (491154 bytes), thumb:src/thumbs/hinh_tet_2020-20251205t024301z-1-001/IMG_2653.webp (95630 bytes)
src/albums/hinh_tet_2020-20251205t024301z-1-001/IMG_2647.jpg -> row:src/row/hinh_tet_2020-20251205t024301z-1-001/IMG_2647.webp (492484 bytes), thumb:src/thumbs/hinh_tet_2020-20251205t024301z-1-001/IMG_2647.webp (105974 bytes)
src/albums/hinh_tet_2020-20251205t024301z-1-001/IMG_2727.jpg -> row:src/row/hinh_tet_2020-20251205t024301z-1-001/IMG_2727.webp (338194 bytes), thumb:src/thumbs/hinh_tet_2020-20251205t024301z-1-001/IMG_2727.webp (93320 bytes)
src/albums/hinh_tet_2020-20251205t024301z-1-001/IMG_2732.jpg -> row:src/row/hinh_tet_2020-20251205t024301z-1-001/IMG_2732.webp (301320 bytes), thumb:src/thumbs/hinh_tet_2020-20251205t024301z-1-001/IMG_2732.webp (93650 bytes)
src/albums/hinh_tet_2020-20251205t024301z-1-001/IMG_2726.jpg -> row:src/row/hinh_tet_2020-20251205t024301z-1-001/IMG_2726.webp (494660 bytes), thumb:src/thumbs/hinh_tet_2020-20251205t024301z-1-001/IMG_2726.webp (89870 bytes)
src/albums/hinh_tet_2020-20251205t024301z-1-001/IMG_2524.jpg -> row:src/row/hinh_tet_2020-20251205t024301z-1-001/IMG_2524.webp (171150 bytes), thumb:src/thumbs/hinh_tet_2020-20251205t024301z-1-001/IMG_2524.webp (48032 bytes)
src/albums/hinh_tet_2020-20251205t024301z-1-001/IMG_2646.jpg -> row:src/row/hinh_tet_2020-20251205t024301z-1-001/IMG_2646.webp (489626 bytes), thumb:src/thumbs/hinh_tet_2020-20251205t024301z-1-001/IMG_2646.webp (105952 bytes)
src/albums/hinh_tet_2020-20251205t024301z-1-001/IMG_2652.jpg -> row:src/row/hinh_tet_2020-20251205t024301z-1-001/IMG_2652.webp (489346 bytes), thumb:src/thumbs/hinh_tet_2020-20251205t024301z-1-001/IMG_2652.webp (90816 bytes)
src/albums/hinh_tet_2020-20251205t024301z-1-001/IMG_2691.jpg -> row:src/row/hinh_tet_2020-20251205t024301z-1-001/IMG_2691.webp (498454 bytes), thumb:src/thumbs/hinh_tet_2020-20251205t024301z-1-001/IMG_2691.webp (72680 bytes)
src/albums/hinh_tet_2020-20251205t024301z-1-001/IMG_2687.jpg -> row:src/row/hinh_tet_2020-20251205t024301z-1-001/IMG_2687.webp (495592 bytes), thumb:src/thumbs/hinh_tet_2020-20251205t024301z-1-001/IMG_2687.webp (74916 bytes)
src/albums/hinh_tet_2020-20251205t024301z-1-001/IMG_2693.jpg -> row:src/row/hinh_tet_2020-20251205t024301z-1-001/IMG_2693.webp (493092 bytes), thumb:src/thumbs/hinh_tet_2020-20251205t024301z-1-001/IMG_2693.webp (75680 bytes)
src/albums/hinh_tet_2020-20251205t024301z-1-001/IMG_2678.jpg -> row:src/row/hinh_tet_2020-20251205t024301z-1-001/IMG_2678.webp (493742 bytes), thumb:src/thumbs/hinh_tet_2020-20251205t024301z-1-001/IMG_2678.webp (93626 bytes)
src/albums/hinh_tet_2020-20251205t024301z-1-001/IMG_2644.jpg -> row:src/row/hinh_tet_2020-20251205t024301z-1-001/IMG_2644.webp (493192 bytes), thumb:src/thumbs/hinh_tet_2020-20251205t024301z-1-001/IMG_2644.webp (105202 bytes)
src/albums/hinh_tet_2020-20251205t024301z-1-001/IMG_2650.jpg -> row:src/row/hinh_tet_2020-20251205t024301z-1-001/IMG_2650.webp (1511474 bytes), thumb:src/thumbs/hinh_tet_2020-20251205t024301z-1-001/IMG_2650.webp (93680 bytes)
src/albums/hinh_tet_2020-20251205t024301z-1-001/IMG_2718.jpg -> row:src/row/hinh_tet_2020-20251205t024301z-1-001/IMG_2718.webp (495958 bytes), thumb:src/thumbs/hinh_tet_2020-20251205t024301z-1-001/IMG_2718.webp (96004 bytes)
src/albums/hinh_tet_2020-20251205t024301z-1-001/IMG_2730.jpg -> row:src/row/hinh_tet_2020-20251205t024301z-1-001/IMG_2730.webp (491318 bytes), thumb:src/thumbs/hinh_tet_2020-20251205t024301z-1-001/IMG_2730.webp (92026 bytes)
src/albums/hinh_tet_2020-20251205t024301z-1-001/IMG_2724.jpg -> row:src/row/hinh_tet_2020-20251205t024301z-1-001/IMG_2724.webp (492440 bytes), thumb:src/thumbs/hinh_tet_2020-20251205t024301z-1-001/IMG_2724.webp (88462 bytes)
src/albums/hinh_tet_2020-20251205t024301z-1-001/IMG_2725.jpg -> row:src/row/hinh_tet_2020-20251205t024301z-1-001/IMG_2725.webp (488526 bytes), thumb:src/thumbs/hinh_tet_2020-20251205t024301z-1-001/IMG_2725.webp (95142 bytes)
src/albums/hinh_tet_2020-20251205t024301z-1-001/IMG_2731.jpg -> row:src/row/hinh_tet_2020-20251205t024301z-1-001/IMG_2731.webp (493974 bytes), thumb:src/thumbs/hinh_tet_2020-20251205t024301z-1-001/IMG_2731.webp (90524 bytes)
src/albums/hinh_tet_2020-20251205t024301z-1-001/IMG_2719.jpg -> row:src/row/hinh_tet_2020-20251205t024301z-1-001/IMG_2719.webp (491644 bytes), thumb:src/thumbs/hinh_tet_2020-20251205t024301z-1-001/IMG_2719.webp (91232 bytes)
src/albums/hinh_tet_2020-20251205t024301z-1-001/IMG_2651.jpg -> row:src/row/hinh_tet_2020-20251205t024301z-1-001/IMG_2651.webp (493686 bytes), thumb:src/thumbs/hinh_tet_2020-20251205t024301z-1-001/IMG_2651.webp (96214 bytes)
src/albums/hinh_tet_2020-20251205t024301z-1-001/IMG_2645.jpg -> row:src/row/hinh_tet_2020-20251205t024301z-1-001/IMG_2645.webp (491254 bytes), thumb:src/thumbs/hinh_tet_2020-20251205t024301z-1-001/IMG_2645.webp (109532 bytes)
src/albums/hinh_tet_2020-20251205t024301z-1-001/IMG_2679.jpg -> row:src/row/hinh_tet_2020-20251205t024301z-1-001/IMG_2679.webp (493430 bytes), thumb:src/thumbs/hinh_tet_2020-20251205t024301z-1-001/IMG_2679.webp (95044 bytes)
src/albums/hinh_tet_2020-20251205t024301z-1-001/IMG_2692.jpg -> row:src/row/hinh_tet_2020-20251205t024301z-1-001/IMG_2692.webp (458344 bytes), thumb:src/thumbs/hinh_tet_2020-20251205t024301z-1-001/IMG_2692.webp (67174 bytes)
src/albums/hinh_tet_2020-20251205t024301z-1-001/IMG_2622.jpg -> row:src/row/hinh_tet_2020-20251205t024301z-1-001/IMG_2622.webp (492374 bytes), thumb:src/thumbs/hinh_tet_2020-20251205t024301z-1-001/IMG_2622.webp (53448 bytes)
src/albums/hinh_tet_2020-20251205t024301z-1-001/IMG_2636.jpg -> row:src/row/hinh_tet_2020-20251205t024301z-1-001/IMG_2636.webp (1509370 bytes), thumb:src/thumbs/hinh_tet_2020-20251205t024301z-1-001/IMG_2636.webp (65432 bytes)
src/albums/hinh_tet_2020-20251205t024301z-1-001/IMG_2568.jpg -> row:src/row/hinh_tet_2020-20251205t024301z-1-001/IMG_2568.webp (1481952 bytes), thumb:src/thumbs/hinh_tet_2020-20251205t024301z-1-001/IMG_2568.webp (65428 bytes)
src/albums/hinh_tet_2020-20251205t024301z-1-001/IMG_2742.jpg -> row:src/row/hinh_tet_2020-20251205t024301z-1-001/IMG_2742.webp (499006 bytes), thumb:src/thumbs/hinh_tet_2020-20251205t024301z-1-001/IMG_2742.webp (61490 bytes)
src/albums/hinh_tet_2020-20251205t024301z-1-001/IMG_2569.jpg -> row:src/row/hinh_tet_2020-20251205t024301z-1-001/IMG_2569.webp (483754 bytes), thumb:src/thumbs/hinh_tet_2020-20251205t024301z-1-001/IMG_2569.webp (66010 bytes)
src/albums/hinh_tet_2020-20251205t024301z-1-001/IMG_2596.jpg -> row:src/row/hinh_tet_2020-20251205t024301z-1-001/IMG_2596.webp (498726 bytes), thumb:src/thumbs/hinh_tet_2020-20251205t024301z-1-001/IMG_2596.webp (52002 bytes)
src/albums/hinh_tet_2020-20251205t024301z-1-001/IMG_2637.jpg -> row:src/row/hinh_tet_2020-20251205t024301z-1-001/IMG_2637.webp (1636540 bytes), thumb:src/thumbs/hinh_tet_2020-20251205t024301z-1-001/IMG_2637.webp (72188 bytes)
src/albums/hinh_tet_2020-20251205t024301z-1-001/IMG_2623.jpg -> row:src/row/hinh_tet_2020-20251205t024301z-1-001/IMG_2623.webp (483996 bytes), thumb:src/thumbs/hinh_tet_2020-20251205t024301z-1-001/IMG_2623.webp (56206 bytes)
src/albums/hinh_tet_2020-20251205t024301z-1-001/IMG_2635.jpg -> row:src/row/hinh_tet_2020-20251205t024301z-1-001/IMG_2635.webp (1728756 bytes), thumb:src/thumbs/hinh_tet_2020-20251205t024301z-1-001/IMG_2635.webp (68116 bytes)
src/albums/hinh_tet_2020-20251205t024301z-1-001/IMG_2621.jpg -> row:src/row/hinh_tet_2020-20251205t024301z-1-001/IMG_2621.webp (490534 bytes), thumb:src/thumbs/hinh_tet_2020-20251205t024301z-1-001/IMG_2621.webp (52724 bytes)
src/albums/hinh_tet_2020-20251205t024301z-1-001/IMG_2609.jpg -> row:src/row/hinh_tet_2020-20251205t024301z-1-001/IMG_2609.webp (489322 bytes), thumb:src/thumbs/hinh_tet_2020-20251205t024301z-1-001/IMG_2609.webp (116838 bytes)
src/albums/hinh_tet_2020-20251205t024301z-1-001/IMG_2580.jpg -> row:src/row/hinh_tet_2020-20251205t024301z-1-001/IMG_2580.webp (454590 bytes), thumb:src/thumbs/hinh_tet_2020-20251205t024301z-1-001/IMG_2580.webp (72122 bytes)
src/albums/hinh_tet_2020-20251205t024301z-1-001/IMG_2594.jpg -> row:src/row/hinh_tet_2020-20251205t024301z-1-001/IMG_2594.webp (489794 bytes), thumb:src/thumbs/hinh_tet_2020-20251205t024301z-1-001/IMG_2594.webp (42758 bytes)
src/albums/hinh_tet_2020-20251205t024301z-1-001/IMG_2740.jpg -> row:src/row/hinh_tet_2020-20251205t024301z-1-001/IMG_2740.webp (1424830 bytes), thumb:src/thumbs/hinh_tet_2020-20251205t024301z-1-001/IMG_2740.webp (65356 bytes)
src/albums/hinh_tet_2020-20251205t024301z-1-001/IMG_2595.jpg -> row:src/row/hinh_tet_2020-20251205t024301z-1-001/IMG_2595.webp (494964 bytes), thumb:src/thumbs/hinh_tet_2020-20251205t024301z-1-001/IMG_2595.webp (48576 bytes)
src/albums/hinh_tet_2020-20251205t024301z-1-001/IMG_2608.jpg -> row:src/row/hinh_tet_2020-20251205t024301z-1-001/IMG_2608.webp (493118 bytes), thumb:src/thumbs/hinh_tet_2020-20251205t024301z-1-001/IMG_2608.webp (111632 bytes)
src/albums/hinh_tet_2020-20251205t024301z-1-001/IMG_2620.jpg -> row:src/row/hinh_tet_2020-20251205t024301z-1-001/IMG_2620.webp (488722 bytes), thumb:src/thumbs/hinh_tet_2020-20251205t024301z-1-001/IMG_2620.webp (53194 bytes)
src/albums/hinh_tet_2020-20251205t024301z-1-001/IMG_2634.jpg -> row:src/row/hinh_tet_2020-20251205t024301z-1-001/IMG_2634.webp (475076 bytes), thumb:src/thumbs/hinh_tet_2020-20251205t024301z-1-001/IMG_2634.webp (66412 bytes)
src/albums/hinh_tet_2020-20251205t024301z-1-001/IMG_2618.jpg -> row:src/row/hinh_tet_2020-20251205t024301z-1-001/IMG_2618.webp (474938 bytes), thumb:src/thumbs/hinh_tet_2020-20251205t024301z-1-001/IMG_2618.webp (73968 bytes)
src/albums/hinh_tet_2020-20251205t024301z-1-001/IMG_2630.jpg -> row:src/row/hinh_tet_2020-20251205t024301z-1-001/IMG_2630.webp (495846 bytes), thumb:src/thumbs/hinh_tet_2020-20251205t024301z-1-001/IMG_2630.webp (71696 bytes)
src/albums/hinh_tet_2020-20251205t024301z-1-001/IMG_2585.jpg -> row:src/row/hinh_tet_2020-20251205t024301z-1-001/IMG_2585.webp (932254 bytes), thumb:src/thumbs/hinh_tet_2020-20251205t024301z-1-001/IMG_2585.webp (31554 bytes)
src/albums/hinh_tet_2020-20251205t024301z-1-001/IMG_2744.jpg -> row:src/row/hinh_tet_2020-20251205t024301z-1-001/IMG_2744.webp (494566 bytes), thumb:src/thumbs/hinh_tet_2020-20251205t024301z-1-001/IMG_2744.webp (65388 bytes)
src/albums/hinh_tet_2020-20251205t024301z-1-001/IMG_2590.jpg -> row:src/row/hinh_tet_2020-20251205t024301z-1-001/IMG_2590.webp (481784 bytes), thumb:src/thumbs/hinh_tet_2020-20251205t024301z-1-001/IMG_2590.webp (32120 bytes)
src/albums/hinh_tet_2020-20251205t024301z-1-001/IMG_2625.jpg -> row:src/row/hinh_tet_2020-20251205t024301z-1-001/IMG_2625.webp (490960 bytes), thumb:src/thumbs/hinh_tet_2020-20251205t024301z-1-001/IMG_2625.webp (87534 bytes)
src/albums/hinh_tet_2020-20251205t024301z-1-001/IMG_2619.jpg -> row:src/row/hinh_tet_2020-20251205t024301z-1-001/IMG_2619.webp (489396 bytes), thumb:src/thumbs/hinh_tet_2020-20251205t024301z-1-001/IMG_2619.webp (55248 bytes)
src/albums/hinh_tet_2020-20251205t024301z-1-001/IMG_2592.jpg -> row:src/row/hinh_tet_2020-20251205t024301z-1-001/IMG_2592.webp (481714 bytes), thumb:src/thumbs/hinh_tet_2020-20251205t024301z-1-001/IMG_2592.webp (44544 bytes)
src/albums/hinh_tet_2020-20251205t024301z-1-001/IMG_2586.jpg -> row:src/row/hinh_tet_2020-20251205t024301z-1-001/IMG_2586.webp (485770 bytes), thumb:src/thumbs/hinh_tet_2020-20251205t024301z-1-001/IMG_2586.webp (31482 bytes)
src/albums/hinh_tet_2020-20251205t024301z-1-001/IMG_2578.jpg -> row:src/row/hinh_tet_2020-20251205t024301z-1-001/IMG_2578.webp (304198 bytes), thumb:src/thumbs/hinh_tet_2020-20251205t024301z-1-001/IMG_2578.webp (72382 bytes)
src/albums/hinh_tet_2020-20251205t024301z-1-001/IMG_2587.jpg -> row:src/row/hinh_tet_2020-20251205t024301z-1-001/IMG_2587.webp (490924 bytes), thumb:src/thumbs/hinh_tet_2020-20251205t024301z-1-001/IMG_2587.webp (32664 bytes)
src/albums/hinh_tet_2020-20251205t024301z-1-001/IMG_2626.jpg -> row:src/row/hinh_tet_2020-20251205t024301z-1-001/IMG_2626.webp (491538 bytes), thumb:src/thumbs/hinh_tet_2020-20251205t024301z-1-001/IMG_2626.webp (71264 bytes)
Done: generated .webp files in src/row and src/thumbs
Converted: 136 | Skipped: 0 | Failed: 0 | Removed row: 0 | Removed thumbs: 0

Done.
Output folders:
  - src/row
  - src/thumbs

Tip: run this command each time you add new images/albums:
  ./scripts/build-album-images.sh
Building row + thumbnail images for album: meo_mit
src/albums/meo_mit/z5324152704395_1890274888b0112946cce1ed882098f9.jpg -> row:src/row/meo_mit/z5324152704395_1890274888b0112946cce1ed882098f9.webp (133766 bytes), thumb:src/thumbs/meo_mit/z5324152704395_1890274888b0112946cce1ed882098f9.webp (117582 bytes)
src/albums/meo_mit/2023-08-18-1.jpg -> row:src/row/meo_mit/2023-08-18-1.webp (191854 bytes), thumb:src/thumbs/meo_mit/2023-08-18-1.webp (97880 bytes)
src/albums/meo_mit/2023-08-18-222222.jpg -> row:src/row/meo_mit/2023-08-18-222222.webp (14780 bytes), thumb:src/thumbs/meo_mit/2023-08-18-222222.webp (22820 bytes)
src/albums/meo_mit/z5324152704396_6c9debd8e8ac9db66f2e2a0121072d06.jpg -> row:src/row/meo_mit/z5324152704396_6c9debd8e8ac9db66f2e2a0121072d06.webp (101196 bytes), thumb:src/thumbs/meo_mit/z5324152704396_6c9debd8e8ac9db66f2e2a0121072d06.webp (91398 bytes)
src/albums/meo_mit/2023-08-18-000.jpg -> row:src/row/meo_mit/2023-08-18-000.webp (35790 bytes), thumb:src/thumbs/meo_mit/2023-08-18-000.webp (23220 bytes)
src/albums/meo_mit/z5324152697578_af5c4bebc8805e9b420ba2555be687fe.jpg -> row:src/row/meo_mit/z5324152697578_af5c4bebc8805e9b420ba2555be687fe.webp (97726 bytes), thumb:src/thumbs/meo_mit/z5324152697578_af5c4bebc8805e9b420ba2555be687fe.webp (87018 bytes)
src/albums/meo_mit/z5070085314801_0702d16d2912c23d69a50eff2894d88d.jpg -> row:src/row/meo_mit/z5070085314801_0702d16d2912c23d69a50eff2894d88d.webp (107208 bytes), thumb:src/thumbs/meo_mit/z5070085314801_0702d16d2912c23d69a50eff2894d88d.webp (20624 bytes)
Done: generated .webp files in src/row and src/thumbs
Converted: 7 | Skipped: 0 | Failed: 0 | Removed row: 0 | Removed thumbs: 0

Done.
Output folders:
  - src/row
  - src/thumbs

Tip: run this command each time you add new images/albums:
  ./scripts/build-album-images.sh
Building row + thumbnail images for album: personal
src/albums/personal/photo_2023-05-06 09.33.17-1.jpeg -> row:src/row/personal/photo_2023-05-06 09.33.17-1.webp (237400 bytes), thumb:src/thumbs/personal/photo_2023-05-06 09.33.17-1.webp (97484 bytes)
src/albums/personal/1682502388040-1.jpg -> row:src/row/personal/1682502388040-1.webp (99844 bytes), thumb:src/thumbs/personal/1682502388040-1.webp (91490 bytes)
src/albums/personal/photo_2023-05-06 09.33.20-1.jpeg -> row:src/row/personal/photo_2023-05-06 09.33.20-1.webp (282856 bytes), thumb:src/thumbs/personal/photo_2023-05-06 09.33.20-1.webp (127636 bytes)
src/albums/personal/z5907399251433_e184f23720e11a14c78d9439eb72d638-1.jpg -> row:src/row/personal/z5907399251433_e184f23720e11a14c78d9439eb72d638-1.webp (96070 bytes), thumb:src/thumbs/personal/z5907399251433_e184f23720e11a14c78d9439eb72d638-1.webp (83890 bytes)
Done: generated .webp files in src/row and src/thumbs
Converted: 4 | Skipped: 0 | Failed: 0 | Removed row: 0 | Removed thumbs: 0

Done.
Output folders:
  - src/row
  - src/thumbs

Tip: run this command each time you add new images/albums:
  ./scripts/build-album-images.sh
Building row + thumbnail images from src/albums ...
SKIP src/albums/personal/photo_2023-05-06 09.33.17-1.jpeg (up-to-date)
SKIP src/albums/personal/1682502388040-1.jpg (up-to-date)
SKIP src/albums/personal/photo_2023-05-06 09.33.20-1.jpeg (up-to-date)
SKIP src/albums/personal/z5907399251433_e184f23720e11a14c78d9439eb72d638-1.jpg (up-to-date)
SKIP src/albums/meo_mit/z5324152704395_1890274888b0112946cce1ed882098f9.jpg (up-to-date)
SKIP src/albums/meo_mit/2023-08-18-1.jpg (up-to-date)
SKIP src/albums/meo_mit/2023-08-18-222222.jpg (up-to-date)
SKIP src/albums/meo_mit/z5324152704396_6c9debd8e8ac9db66f2e2a0121072d06.jpg (up-to-date)
SKIP src/albums/meo_mit/2023-08-18-000.jpg (up-to-date)
SKIP src/albums/meo_mit/z5324152697578_af5c4bebc8805e9b420ba2555be687fe.jpg (up-to-date)
SKIP src/albums/meo_mit/z5070085314801_0702d16d2912c23d69a50eff2894d88d.jpg (up-to-date)
src/albums/hinh_tet_2020-20251205t024301z-1-001/IMG_2617.jpg -> row:src/row/hinh_tet_2020-20251205t024301z-1-001/IMG_2617.webp (491528 bytes), thumb:src/thumbs/hinh_tet_2020-20251205t024301z-1-001/IMG_2617.webp (78670 bytes)
src/albums/hinh_tet_2020-20251205t024301z-1-001/IMG_2549.jpg -> row:src/row/hinh_tet_2020-20251205t024301z-1-001/IMG_2549.webp (456346 bytes), thumb:src/thumbs/hinh_tet_2020-20251205t024301z-1-001/IMG_2549.webp (41176 bytes)
src/albums/hinh_tet_2020-20251205t024301z-1-001/IMG_2574.jpg -> row:src/row/hinh_tet_2020-20251205t024301z-1-001/IMG_2574.webp (497706 bytes), thumb:src/thumbs/hinh_tet_2020-20251205t024301z-1-001/IMG_2574.webp (68474 bytes)
src/albums/hinh_tet_2020-20251205t024301z-1-001/IMG_2616.jpg -> row:src/row/hinh_tet_2020-20251205t024301z-1-001/IMG_2616.webp (493172 bytes), thumb:src/thumbs/hinh_tet_2020-20251205t024301z-1-001/IMG_2616.webp (72910 bytes)
src/albums/hinh_tet_2020-20251205t024301z-1-001/IMG_2602.jpg -> row:src/row/hinh_tet_2020-20251205t024301z-1-001/IMG_2602.webp (488296 bytes), thumb:src/thumbs/hinh_tet_2020-20251205t024301z-1-001/IMG_2602.webp (118722 bytes)
src/albums/hinh_tet_2020-20251205t024301z-1-001/IMG_2614.jpg -> row:src/row/hinh_tet_2020-20251205t024301z-1-001/IMG_2614.webp (495842 bytes), thumb:src/thumbs/hinh_tet_2020-20251205t024301z-1-001/IMG_2614.webp (120884 bytes)
src/albums/hinh_tet_2020-20251205t024301z-1-001/IMG_2600.jpg -> row:src/row/hinh_tet_2020-20251205t024301z-1-001/IMG_2600.webp (483572 bytes), thumb:src/thumbs/hinh_tet_2020-20251205t024301z-1-001/IMG_2600.webp (66926 bytes)
src/albums/hinh_tet_2020-20251205t024301z-1-001/IMG_2589.jpg -> row:src/row/hinh_tet_2020-20251205t024301z-1-001/IMG_2589.webp (901350 bytes), thumb:src/thumbs/hinh_tet_2020-20251205t024301z-1-001/IMG_2589.webp (31460 bytes)
src/albums/hinh_tet_2020-20251205t024301z-1-001/IMG_2576.jpg -> row:src/row/hinh_tet_2020-20251205t024301z-1-001/IMG_2576.webp (471760 bytes), thumb:src/thumbs/hinh_tet_2020-20251205t024301z-1-001/IMG_2576.webp (70448 bytes)
src/albums/hinh_tet_2020-20251205t024301z-1-001/IMG_2760.jpg -> row:src/row/hinh_tet_2020-20251205t024301z-1-001/IMG_2760.webp (427114 bytes), thumb:src/thumbs/hinh_tet_2020-20251205t024301z-1-001/IMG_2760.webp (38154 bytes)
src/albums/hinh_tet_2020-20251205t024301z-1-001/IMG_2761.jpg -> row:src/row/hinh_tet_2020-20251205t024301z-1-001/IMG_2761.webp (464322 bytes), thumb:src/thumbs/hinh_tet_2020-20251205t024301z-1-001/IMG_2761.webp (77794 bytes)
src/albums/hinh_tet_2020-20251205t024301z-1-001/IMG_2577.jpg -> row:src/row/hinh_tet_2020-20251205t024301z-1-001/IMG_2577.webp (492584 bytes), thumb:src/thumbs/hinh_tet_2020-20251205t024301z-1-001/IMG_2577.webp (77764 bytes)
src/albums/hinh_tet_2020-20251205t024301z-1-001/IMG_2588.jpg -> row:src/row/hinh_tet_2020-20251205t024301z-1-001/IMG_2588.webp (908522 bytes), thumb:src/thumbs/hinh_tet_2020-20251205t024301z-1-001/IMG_2588.webp (31808 bytes)
src/albums/hinh_tet_2020-20251205t024301z-1-001/IMG_2629.jpg -> row:src/row/hinh_tet_2020-20251205t024301z-1-001/IMG_2629.webp (490556 bytes), thumb:src/thumbs/hinh_tet_2020-20251205t024301z-1-001/IMG_2629.webp (83424 bytes)
src/albums/hinh_tet_2020-20251205t024301z-1-001/IMG_2615.jpg -> row:src/row/hinh_tet_2020-20251205t024301z-1-001/IMG_2615.webp (492126 bytes), thumb:src/thumbs/hinh_tet_2020-20251205t024301z-1-001/IMG_2615.webp (76024 bytes)
src/albums/hinh_tet_2020-20251205t024301z-1-001/IMG_2639.jpg -> row:src/row/hinh_tet_2020-20251205t024301z-1-001/IMG_2639.webp (490406 bytes), thumb:src/thumbs/hinh_tet_2020-20251205t024301z-1-001/IMG_2639.webp (85232 bytes)
src/albums/hinh_tet_2020-20251205t024301z-1-001/IMG_2611.jpg -> row:src/row/hinh_tet_2020-20251205t024301z-1-001/IMG_2611.webp (485748 bytes), thumb:src/thumbs/hinh_tet_2020-20251205t024301z-1-001/IMG_2611.webp (119440 bytes)
src/albums/hinh_tet_2020-20251205t024301z-1-001/IMG_2605.jpg -> row:src/row/hinh_tet_2020-20251205t024301z-1-001/IMG_2605.webp (489286 bytes), thumb:src/thumbs/hinh_tet_2020-20251205t024301z-1-001/IMG_2605.webp (118364 bytes)
src/albums/hinh_tet_2020-20251205t024301z-1-001/IMG_2598.jpg -> row:src/row/hinh_tet_2020-20251205t024301z-1-001/IMG_2598.webp (493322 bytes), thumb:src/thumbs/hinh_tet_2020-20251205t024301z-1-001/IMG_2598.webp (54976 bytes)
src/albums/hinh_tet_2020-20251205t024301z-1-001/IMG_2567.jpg -> row:src/row/hinh_tet_2020-20251205t024301z-1-001/IMG_2567.webp (495828 bytes), thumb:src/thumbs/hinh_tet_2020-20251205t024301z-1-001/IMG_2567.webp (68796 bytes)
src/albums/hinh_tet_2020-20251205t024301z-1-001/IMG_2573.jpg -> row:src/row/hinh_tet_2020-20251205t024301z-1-001/IMG_2573.webp (489590 bytes), thumb:src/thumbs/hinh_tet_2020-20251205t024301z-1-001/IMG_2573.webp (66630 bytes)
src/albums/hinh_tet_2020-20251205t024301z-1-001/IMG_2572.jpg -> row:src/row/hinh_tet_2020-20251205t024301z-1-001/IMG_2572.webp (487646 bytes), thumb:src/thumbs/hinh_tet_2020-20251205t024301z-1-001/IMG_2572.webp (63018 bytes)
src/albums/hinh_tet_2020-20251205t024301z-1-001/IMG_2604.jpg -> row:src/row/hinh_tet_2020-20251205t024301z-1-001/IMG_2604.webp (490170 bytes), thumb:src/thumbs/hinh_tet_2020-20251205t024301z-1-001/IMG_2604.webp (123408 bytes)
src/albums/hinh_tet_2020-20251205t024301z-1-001/IMG_2610.jpg -> row:src/row/hinh_tet_2020-20251205t024301z-1-001/IMG_2610.webp (490810 bytes), thumb:src/thumbs/hinh_tet_2020-20251205t024301z-1-001/IMG_2610.webp (123572 bytes)
src/albums/hinh_tet_2020-20251205t024301z-1-001/IMG_2638.jpg -> row:src/row/hinh_tet_2020-20251205t024301z-1-001/IMG_2638.webp (485048 bytes), thumb:src/thumbs/hinh_tet_2020-20251205t024301z-1-001/IMG_2638.webp (70544 bytes)
src/albums/hinh_tet_2020-20251205t024301z-1-001/IMG_2606.jpg -> row:src/row/hinh_tet_2020-20251205t024301z-1-001/IMG_2606.webp (1694254 bytes), thumb:src/thumbs/hinh_tet_2020-20251205t024301z-1-001/IMG_2606.webp (123256 bytes)
src/albums/hinh_tet_2020-20251205t024301z-1-001/IMG_2612.jpg -> row:src/row/hinh_tet_2020-20251205t024301z-1-001/IMG_2612.webp (491942 bytes), thumb:src/thumbs/hinh_tet_2020-20251205t024301z-1-001/IMG_2612.webp (125414 bytes)
src/albums/hinh_tet_2020-20251205t024301z-1-001/IMG_2570.jpg -> row:src/row/hinh_tet_2020-20251205t024301z-1-001/IMG_2570.webp (493016 bytes), thumb:src/thumbs/hinh_tet_2020-20251205t024301z-1-001/IMG_2570.webp (62816 bytes)
src/albums/hinh_tet_2020-20251205t024301z-1-001/IMG_2613.jpg -> row:src/row/hinh_tet_2020-20251205t024301z-1-001/IMG_2613.webp (485482 bytes), thumb:src/thumbs/hinh_tet_2020-20251205t024301z-1-001/IMG_2613.webp (119472 bytes)
src/albums/hinh_tet_2020-20251205t024301z-1-001/IMG_2607.jpg -> row:src/row/hinh_tet_2020-20251205t024301z-1-001/IMG_2607.webp (491422 bytes), thumb:src/thumbs/hinh_tet_2020-20251205t024301z-1-001/IMG_2607.webp (122536 bytes)
src/albums/hinh_tet_2020-20251205t024301z-1-001/IMG_2674.jpg -> row:src/row/hinh_tet_2020-20251205t024301z-1-001/IMG_2674.webp (1100688 bytes), thumb:src/thumbs/hinh_tet_2020-20251205t024301z-1-001/IMG_2674.webp (99484 bytes)
src/albums/hinh_tet_2020-20251205t024301z-1-001/IMG_2648.jpg -> row:src/row/hinh_tet_2020-20251205t024301z-1-001/IMG_2648.webp (494276 bytes), thumb:src/thumbs/hinh_tet_2020-20251205t024301z-1-001/IMG_2648.webp (102112 bytes)
src/albums/hinh_tet_2020-20251205t024301z-1-001/IMG_2700.jpg -> row:src/row/hinh_tet_2020-20251205t024301z-1-001/IMG_2700.webp (487030 bytes), thumb:src/thumbs/hinh_tet_2020-20251205t024301z-1-001/IMG_2700.webp (73288 bytes)
src/albums/hinh_tet_2020-20251205t024301z-1-001/IMG_2728.jpg -> row:src/row/hinh_tet_2020-20251205t024301z-1-001/IMG_2728.webp (491874 bytes), thumb:src/thumbs/hinh_tet_2020-20251205t024301z-1-001/IMG_2728.webp (92552 bytes)
src/albums/hinh_tet_2020-20251205t024301z-1-001/IMG_2729.jpg -> row:src/row/hinh_tet_2020-20251205t024301z-1-001/IMG_2729.webp (491350 bytes), thumb:src/thumbs/hinh_tet_2020-20251205t024301z-1-001/IMG_2729.webp (91874 bytes)
src/albums/hinh_tet_2020-20251205t024301z-1-001/IMG_2649.jpg -> row:src/row/hinh_tet_2020-20251205t024301z-1-001/IMG_2649.webp (492276 bytes), thumb:src/thumbs/hinh_tet_2020-20251205t024301z-1-001/IMG_2649.webp (98118 bytes)
src/albums/hinh_tet_2020-20251205t024301z-1-001/IMG_2675.jpg -> row:src/row/hinh_tet_2020-20251205t024301z-1-001/IMG_2675.webp (496272 bytes), thumb:src/thumbs/hinh_tet_2020-20251205t024301z-1-001/IMG_2675.webp (95828 bytes)
src/albums/hinh_tet_2020-20251205t024301z-1-001/IMG_2661.jpg -> row:src/row/hinh_tet_2020-20251205t024301z-1-001/IMG_2661.webp (494968 bytes), thumb:src/thumbs/hinh_tet_2020-20251205t024301z-1-001/IMG_2661.webp (72860 bytes)
src/albums/hinh_tet_2020-20251205t024301z-1-001/IMG_2688.jpg -> row:src/row/hinh_tet_2020-20251205t024301z-1-001/IMG_2688.webp (483312 bytes), thumb:src/thumbs/hinh_tet_2020-20251205t024301z-1-001/IMG_2688.webp (68720 bytes)
src/albums/hinh_tet_2020-20251205t024301z-1-001/IMG_2677.jpg -> row:src/row/hinh_tet_2020-20251205t024301z-1-001/IMG_2677.webp (485730 bytes), thumb:src/thumbs/hinh_tet_2020-20251205t024301z-1-001/IMG_2677.webp (99298 bytes)
src/albums/hinh_tet_2020-20251205t024301z-1-001/IMG_2703.jpg -> row:src/row/hinh_tet_2020-20251205t024301z-1-001/IMG_2703.webp (491414 bytes), thumb:src/thumbs/hinh_tet_2020-20251205t024301z-1-001/IMG_2703.webp (94316 bytes)
src/albums/hinh_tet_2020-20251205t024301z-1-001/IMG_2716.jpg -> row:src/row/hinh_tet_2020-20251205t024301z-1-001/IMG_2716.webp (453292 bytes), thumb:src/thumbs/hinh_tet_2020-20251205t024301z-1-001/IMG_2716.webp (47214 bytes)
src/albums/hinh_tet_2020-20251205t024301z-1-001/IMG_2662.jpg -> row:src/row/hinh_tet_2020-20251205t024301z-1-001/IMG_2662.webp (494398 bytes), thumb:src/thumbs/hinh_tet_2020-20251205t024301z-1-001/IMG_2662.webp (69310 bytes)
src/albums/hinh_tet_2020-20251205t024301z-1-001/IMG_2676.jpg -> row:src/row/hinh_tet_2020-20251205t024301z-1-001/IMG_2676.webp (499588 bytes), thumb:src/thumbs/hinh_tet_2020-20251205t024301z-1-001/IMG_2676.webp (92372 bytes)
src/albums/hinh_tet_2020-20251205t024301z-1-001/IMG_2699.jpg -> row:src/row/hinh_tet_2020-20251205t024301z-1-001/IMG_2699.webp (493172 bytes), thumb:src/thumbs/hinh_tet_2020-20251205t024301z-1-001/IMG_2699.webp (75286 bytes)
src/albums/hinh_tet_2020-20251205t024301z-1-001/IMG_2672.jpg -> row:src/row/hinh_tet_2020-20251205t024301z-1-001/IMG_2672.webp (485316 bytes), thumb:src/thumbs/hinh_tet_2020-20251205t024301z-1-001/IMG_2672.webp (94290 bytes)
src/albums/hinh_tet_2020-20251205t024301z-1-001/IMG_2706.jpg -> row:src/row/hinh_tet_2020-20251205t024301z-1-001/IMG_2706.webp (494982 bytes), thumb:src/thumbs/hinh_tet_2020-20251205t024301z-1-001/IMG_2706.webp (91114 bytes)
src/albums/hinh_tet_2020-20251205t024301z-1-001/IMG_2712.jpg -> row:src/row/hinh_tet_2020-20251205t024301z-1-001/IMG_2712.webp (479558 bytes), thumb:src/thumbs/hinh_tet_2020-20251205t024301z-1-001/IMG_2712.webp (47990 bytes)
src/albums/hinh_tet_2020-20251205t024301z-1-001/IMG_2707.jpg -> row:src/row/hinh_tet_2020-20251205t024301z-1-001/IMG_2707.webp (484734 bytes), thumb:src/thumbs/hinh_tet_2020-20251205t024301z-1-001/IMG_2707.webp (47456 bytes)
src/albums/hinh_tet_2020-20251205t024301z-1-001/IMG_2667.jpg -> row:src/row/hinh_tet_2020-20251205t024301z-1-001/IMG_2667.webp (491934 bytes), thumb:src/thumbs/hinh_tet_2020-20251205t024301z-1-001/IMG_2667.webp (76366 bytes)
src/albums/hinh_tet_2020-20251205t024301z-1-001/IMG_2673.jpg -> row:src/row/hinh_tet_2020-20251205t024301z-1-001/IMG_2673.webp (494902 bytes), thumb:src/thumbs/hinh_tet_2020-20251205t024301z-1-001/IMG_2673.webp (102094 bytes)
src/albums/hinh_tet_2020-20251205t024301z-1-001/IMG_2698.jpg -> row:src/row/hinh_tet_2020-20251205t024301z-1-001/IMG_2698.webp (489530 bytes), thumb:src/thumbs/hinh_tet_2020-20251205t024301z-1-001/IMG_2698.webp (77200 bytes)
src/albums/hinh_tet_2020-20251205t024301z-1-001/IMG_2665.jpg -> row:src/row/hinh_tet_2020-20251205t024301z-1-001/IMG_2665.webp (492396 bytes), thumb:src/thumbs/hinh_tet_2020-20251205t024301z-1-001/IMG_2665.webp (74520 bytes)
src/albums/hinh_tet_2020-20251205t024301z-1-001/IMG_2671.jpg -> row:src/row/hinh_tet_2020-20251205t024301z-1-001/IMG_2671.webp (494234 bytes), thumb:src/thumbs/hinh_tet_2020-20251205t024301z-1-001/IMG_2671.webp (96486 bytes)
src/albums/hinh_tet_2020-20251205t024301z-1-001/IMG_2739.jpg -> row:src/row/hinh_tet_2020-20251205t024301z-1-001/IMG_2739.webp (490540 bytes), thumb:src/thumbs/hinh_tet_2020-20251205t024301z-1-001/IMG_2739.webp (71954 bytes)
src/albums/hinh_tet_2020-20251205t024301z-1-001/IMG_2704.jpg -> row:src/row/hinh_tet_2020-20251205t024301z-1-001/IMG_2704.webp (491110 bytes), thumb:src/thumbs/hinh_tet_2020-20251205t024301z-1-001/IMG_2704.webp (87970 bytes)
src/albums/hinh_tet_2020-20251205t024301z-1-001/IMG_2710.jpg -> row:src/row/hinh_tet_2020-20251205t024301z-1-001/IMG_2710.webp (452124 bytes), thumb:src/thumbs/hinh_tet_2020-20251205t024301z-1-001/IMG_2710.webp (45360 bytes)
src/albums/hinh_tet_2020-20251205t024301z-1-001/IMG_2738.jpg -> row:src/row/hinh_tet_2020-20251205t024301z-1-001/IMG_2738.webp (1395024 bytes), thumb:src/thumbs/hinh_tet_2020-20251205t024301z-1-001/IMG_2738.webp (64154 bytes)
src/albums/hinh_tet_2020-20251205t024301z-1-001/IMG_2664.jpg -> row:src/row/hinh_tet_2020-20251205t024301z-1-001/IMG_2664.webp (494132 bytes), thumb:src/thumbs/hinh_tet_2020-20251205t024301z-1-001/IMG_2664.webp (71314 bytes)
src/albums/hinh_tet_2020-20251205t024301z-1-001/IMG_2682.jpg -> row:src/row/hinh_tet_2020-20251205t024301z-1-001/IMG_2682.webp (475294 bytes), thumb:src/thumbs/hinh_tet_2020-20251205t024301z-1-001/IMG_2682.webp (69240 bytes)
src/albums/hinh_tet_2020-20251205t024301z-1-001/IMG_2696.jpg -> row:src/row/hinh_tet_2020-20251205t024301z-1-001/IMG_2696.webp (481662 bytes), thumb:src/thumbs/hinh_tet_2020-20251205t024301z-1-001/IMG_2696.webp (73668 bytes)
src/albums/hinh_tet_2020-20251205t024301z-1-001/IMG_2641.jpg -> row:src/row/hinh_tet_2020-20251205t024301z-1-001/IMG_2641.webp (492030 bytes), thumb:src/thumbs/hinh_tet_2020-20251205t024301z-1-001/IMG_2641.webp (89708 bytes)
src/albums/hinh_tet_2020-20251205t024301z-1-001/IMG_2669.jpg -> row:src/row/hinh_tet_2020-20251205t024301z-1-001/IMG_2669.webp (488698 bytes), thumb:src/thumbs/hinh_tet_2020-20251205t024301z-1-001/IMG_2669.webp (75290 bytes)
src/albums/hinh_tet_2020-20251205t024301z-1-001/IMG_2735.jpg -> row:src/row/hinh_tet_2020-20251205t024301z-1-001/IMG_2735.webp (493898 bytes), thumb:src/thumbs/hinh_tet_2020-20251205t024301z-1-001/IMG_2735.webp (67720 bytes)
src/albums/hinh_tet_2020-20251205t024301z-1-001/IMG_2721.jpg -> row:src/row/hinh_tet_2020-20251205t024301z-1-001/IMG_2721.webp (491766 bytes), thumb:src/thumbs/hinh_tet_2020-20251205t024301z-1-001/IMG_2721.webp (93862 bytes)
src/albums/hinh_tet_2020-20251205t024301z-1-001/IMG_2708.jpg -> row:src/row/hinh_tet_2020-20251205t024301z-1-001/IMG_2708.webp (472220 bytes), thumb:src/thumbs/hinh_tet_2020-20251205t024301z-1-001/IMG_2708.webp (46240 bytes)
src/albums/hinh_tet_2020-20251205t024301z-1-001/IMG_2720.jpg -> row:src/row/hinh_tet_2020-20251205t024301z-1-001/IMG_2720.webp (494474 bytes), thumb:src/thumbs/hinh_tet_2020-20251205t024301z-1-001/IMG_2720.webp (91520 bytes)
src/albums/hinh_tet_2020-20251205t024301z-1-001/IMG_2734.jpg -> row:src/row/hinh_tet_2020-20251205t024301z-1-001/IMG_2734.webp (490554 bytes), thumb:src/thumbs/hinh_tet_2020-20251205t024301z-1-001/IMG_2734.webp (91842 bytes)
src/albums/hinh_tet_2020-20251205t024301z-1-001/IMG_2668.jpg -> row:src/row/hinh_tet_2020-20251205t024301z-1-001/IMG_2668.webp (492842 bytes), thumb:src/thumbs/hinh_tet_2020-20251205t024301z-1-001/IMG_2668.webp (71042 bytes)
src/albums/hinh_tet_2020-20251205t024301z-1-001/IMG_2654.jpg -> row:src/row/hinh_tet_2020-20251205t024301z-1-001/IMG_2654.webp (495160 bytes), thumb:src/thumbs/hinh_tet_2020-20251205t024301z-1-001/IMG_2654.webp (85478 bytes)
src/albums/hinh_tet_2020-20251205t024301z-1-001/IMG_2640.jpg -> row:src/row/hinh_tet_2020-20251205t024301z-1-001/IMG_2640.webp (489536 bytes), thumb:src/thumbs/hinh_tet_2020-20251205t024301z-1-001/IMG_2640.webp (78474 bytes)
src/albums/hinh_tet_2020-20251205t024301z-1-001/IMG_2697.jpg -> row:src/row/hinh_tet_2020-20251205t024301z-1-001/IMG_2697.webp (491784 bytes), thumb:src/thumbs/hinh_tet_2020-20251205t024301z-1-001/IMG_2697.webp (79874 bytes)
src/albums/hinh_tet_2020-20251205t024301z-1-001/IMG_2683.jpg -> row:src/row/hinh_tet_2020-20251205t024301z-1-001/IMG_2683.webp (490836 bytes), thumb:src/thumbs/hinh_tet_2020-20251205t024301z-1-001/IMG_2683.webp (73558 bytes)
src/albums/hinh_tet_2020-20251205t024301z-1-001/IMG_2695.jpg -> row:src/row/hinh_tet_2020-20251205t024301z-1-001/IMG_2695.webp (492006 bytes), thumb:src/thumbs/hinh_tet_2020-20251205t024301z-1-001/IMG_2695.webp (76644 bytes)
src/albums/hinh_tet_2020-20251205t024301z-1-001/IMG_2681.jpg -> row:src/row/hinh_tet_2020-20251205t024301z-1-001/IMG_2681.webp (484590 bytes), thumb:src/thumbs/hinh_tet_2020-20251205t024301z-1-001/IMG_2681.webp (74524 bytes)
src/albums/hinh_tet_2020-20251205t024301z-1-001/IMG_2642.jpg -> row:src/row/hinh_tet_2020-20251205t024301z-1-001/IMG_2642.webp (492302 bytes), thumb:src/thumbs/hinh_tet_2020-20251205t024301z-1-001/IMG_2642.webp (82766 bytes)
src/albums/hinh_tet_2020-20251205t024301z-1-001/IMG_2722.jpg -> row:src/row/hinh_tet_2020-20251205t024301z-1-001/IMG_2722.webp (1260044 bytes), thumb:src/thumbs/hinh_tet_2020-20251205t024301z-1-001/IMG_2722.webp (89034 bytes)
src/albums/hinh_tet_2020-20251205t024301z-1-001/IMG_2736.jpg -> row:src/row/hinh_tet_2020-20251205t024301z-1-001/IMG_2736.webp (499828 bytes), thumb:src/thumbs/hinh_tet_2020-20251205t024301z-1-001/IMG_2736.webp (69634 bytes)
src/albums/hinh_tet_2020-20251205t024301z-1-001/IMG_2723.jpg -> row:src/row/hinh_tet_2020-20251205t024301z-1-001/IMG_2723.webp (490290 bytes), thumb:src/thumbs/hinh_tet_2020-20251205t024301z-1-001/IMG_2723.webp (91356 bytes)
src/albums/hinh_tet_2020-20251205t024301z-1-001/IMG_2643.jpg -> row:src/row/hinh_tet_2020-20251205t024301z-1-001/IMG_2643.webp (495264 bytes), thumb:src/thumbs/hinh_tet_2020-20251205t024301z-1-001/IMG_2643.webp (100722 bytes)
src/albums/hinh_tet_2020-20251205t024301z-1-001/IMG_2680.jpg -> row:src/row/hinh_tet_2020-20251205t024301z-1-001/IMG_2680.webp (492614 bytes), thumb:src/thumbs/hinh_tet_2020-20251205t024301z-1-001/IMG_2680.webp (91644 bytes)
src/albums/hinh_tet_2020-20251205t024301z-1-001/IMG_2694.jpg -> row:src/row/hinh_tet_2020-20251205t024301z-1-001/IMG_2694.webp (487062 bytes), thumb:src/thumbs/hinh_tet_2020-20251205t024301z-1-001/IMG_2694.webp (71850 bytes)
src/albums/hinh_tet_2020-20251205t024301z-1-001/IMG_2653.jpg -> row:src/row/hinh_tet_2020-20251205t024301z-1-001/IMG_2653.webp (491154 bytes), thumb:src/thumbs/hinh_tet_2020-20251205t024301z-1-001/IMG_2653.webp (95630 bytes)
src/albums/hinh_tet_2020-20251205t024301z-1-001/IMG_2647.jpg -> row:src/row/hinh_tet_2020-20251205t024301z-1-001/IMG_2647.webp (492484 bytes), thumb:src/thumbs/hinh_tet_2020-20251205t024301z-1-001/IMG_2647.webp (105974 bytes)
src/albums/hinh_tet_2020-20251205t024301z-1-001/IMG_2486.jpg -> row:src/row/hinh_tet_2020-20251205t024301z-1-001/IMG_2486.webp (106596 bytes), thumb:src/thumbs/hinh_tet_2020-20251205t024301z-1-001/IMG_2486.webp (25678 bytes)
src/albums/hinh_tet_2020-20251205t024301z-1-001/IMG_2727.jpg -> row:src/row/hinh_tet_2020-20251205t024301z-1-001/IMG_2727.webp (338194 bytes), thumb:src/thumbs/hinh_tet_2020-20251205t024301z-1-001/IMG_2727.webp (93320 bytes)
src/albums/hinh_tet_2020-20251205t024301z-1-001/IMG_2732.jpg -> row:src/row/hinh_tet_2020-20251205t024301z-1-001/IMG_2732.webp (301320 bytes), thumb:src/thumbs/hinh_tet_2020-20251205t024301z-1-001/IMG_2732.webp (93650 bytes)
src/albums/hinh_tet_2020-20251205t024301z-1-001/IMG_2726.jpg -> row:src/row/hinh_tet_2020-20251205t024301z-1-001/IMG_2726.webp (494660 bytes), thumb:src/thumbs/hinh_tet_2020-20251205t024301z-1-001/IMG_2726.webp (89870 bytes)
src/albums/hinh_tet_2020-20251205t024301z-1-001/IMG_2524.jpg -> row:src/row/hinh_tet_2020-20251205t024301z-1-001/IMG_2524.webp (171150 bytes), thumb:src/thumbs/hinh_tet_2020-20251205t024301z-1-001/IMG_2524.webp (48032 bytes)
src/albums/hinh_tet_2020-20251205t024301z-1-001/IMG_2646.jpg -> row:src/row/hinh_tet_2020-20251205t024301z-1-001/IMG_2646.webp (489626 bytes), thumb:src/thumbs/hinh_tet_2020-20251205t024301z-1-001/IMG_2646.webp (105952 bytes)
src/albums/hinh_tet_2020-20251205t024301z-1-001/IMG_2652.jpg -> row:src/row/hinh_tet_2020-20251205t024301z-1-001/IMG_2652.webp (489346 bytes), thumb:src/thumbs/hinh_tet_2020-20251205t024301z-1-001/IMG_2652.webp (90816 bytes)
src/albums/hinh_tet_2020-20251205t024301z-1-001/IMG_2691.jpg -> row:src/row/hinh_tet_2020-20251205t024301z-1-001/IMG_2691.webp (498454 bytes), thumb:src/thumbs/hinh_tet_2020-20251205t024301z-1-001/IMG_2691.webp (72680 bytes)
src/albums/hinh_tet_2020-20251205t024301z-1-001/IMG_2687.jpg -> row:src/row/hinh_tet_2020-20251205t024301z-1-001/IMG_2687.webp (495592 bytes), thumb:src/thumbs/hinh_tet_2020-20251205t024301z-1-001/IMG_2687.webp (74916 bytes)
src/albums/hinh_tet_2020-20251205t024301z-1-001/IMG_2693.jpg -> row:src/row/hinh_tet_2020-20251205t024301z-1-001/IMG_2693.webp (493092 bytes), thumb:src/thumbs/hinh_tet_2020-20251205t024301z-1-001/IMG_2693.webp (75680 bytes)
src/albums/hinh_tet_2020-20251205t024301z-1-001/IMG_2678.jpg -> row:src/row/hinh_tet_2020-20251205t024301z-1-001/IMG_2678.webp (493742 bytes), thumb:src/thumbs/hinh_tet_2020-20251205t024301z-1-001/IMG_2678.webp (93626 bytes)
src/albums/hinh_tet_2020-20251205t024301z-1-001/IMG_2644.jpg -> row:src/row/hinh_tet_2020-20251205t024301z-1-001/IMG_2644.webp (493192 bytes), thumb:src/thumbs/hinh_tet_2020-20251205t024301z-1-001/IMG_2644.webp (105202 bytes)
src/albums/hinh_tet_2020-20251205t024301z-1-001/IMG_2650.jpg -> row:src/row/hinh_tet_2020-20251205t024301z-1-001/IMG_2650.webp (1511474 bytes), thumb:src/thumbs/hinh_tet_2020-20251205t024301z-1-001/IMG_2650.webp (93680 bytes)
src/albums/hinh_tet_2020-20251205t024301z-1-001/IMG_2718.jpg -> row:src/row/hinh_tet_2020-20251205t024301z-1-001/IMG_2718.webp (495958 bytes), thumb:src/thumbs/hinh_tet_2020-20251205t024301z-1-001/IMG_2718.webp (96004 bytes)
src/albums/hinh_tet_2020-20251205t024301z-1-001/IMG_2730.jpg -> row:src/row/hinh_tet_2020-20251205t024301z-1-001/IMG_2730.webp (491318 bytes), thumb:src/thumbs/hinh_tet_2020-20251205t024301z-1-001/IMG_2730.webp (92026 bytes)
src/albums/hinh_tet_2020-20251205t024301z-1-001/IMG_2724.jpg -> row:src/row/hinh_tet_2020-20251205t024301z-1-001/IMG_2724.webp (492440 bytes), thumb:src/thumbs/hinh_tet_2020-20251205t024301z-1-001/IMG_2724.webp (88462 bytes)
src/albums/hinh_tet_2020-20251205t024301z-1-001/IMG_2725.jpg -> row:src/row/hinh_tet_2020-20251205t024301z-1-001/IMG_2725.webp (488526 bytes), thumb:src/thumbs/hinh_tet_2020-20251205t024301z-1-001/IMG_2725.webp (95142 bytes)
src/albums/hinh_tet_2020-20251205t024301z-1-001/IMG_2731.jpg -> row:src/row/hinh_tet_2020-20251205t024301z-1-001/IMG_2731.webp (493974 bytes), thumb:src/thumbs/hinh_tet_2020-20251205t024301z-1-001/IMG_2731.webp (90524 bytes)
src/albums/hinh_tet_2020-20251205t024301z-1-001/IMG_2719.jpg -> row:src/row/hinh_tet_2020-20251205t024301z-1-001/IMG_2719.webp (491644 bytes), thumb:src/thumbs/hinh_tet_2020-20251205t024301z-1-001/IMG_2719.webp (91232 bytes)
src/albums/hinh_tet_2020-20251205t024301z-1-001/IMG_2651.jpg -> row:src/row/hinh_tet_2020-20251205t024301z-1-001/IMG_2651.webp (493686 bytes), thumb:src/thumbs/hinh_tet_2020-20251205t024301z-1-001/IMG_2651.webp (96214 bytes)
src/albums/hinh_tet_2020-20251205t024301z-1-001/IMG_2645.jpg -> row:src/row/hinh_tet_2020-20251205t024301z-1-001/IMG_2645.webp (491254 bytes), thumb:src/thumbs/hinh_tet_2020-20251205t024301z-1-001/IMG_2645.webp (109532 bytes)
src/albums/hinh_tet_2020-20251205t024301z-1-001/IMG_2679.jpg -> row:src/row/hinh_tet_2020-20251205t024301z-1-001/IMG_2679.webp (493430 bytes), thumb:src/thumbs/hinh_tet_2020-20251205t024301z-1-001/IMG_2679.webp (95044 bytes)
src/albums/hinh_tet_2020-20251205t024301z-1-001/IMG_2692.jpg -> row:src/row/hinh_tet_2020-20251205t024301z-1-001/IMG_2692.webp (458344 bytes), thumb:src/thumbs/hinh_tet_2020-20251205t024301z-1-001/IMG_2692.webp (67174 bytes)
src/albums/hinh_tet_2020-20251205t024301z-1-001/IMG_2622.jpg -> row:src/row/hinh_tet_2020-20251205t024301z-1-001/IMG_2622.webp (492374 bytes), thumb:src/thumbs/hinh_tet_2020-20251205t024301z-1-001/IMG_2622.webp (53448 bytes)
src/albums/hinh_tet_2020-20251205t024301z-1-001/IMG_2636.jpg -> row:src/row/hinh_tet_2020-20251205t024301z-1-001/IMG_2636.webp (1509370 bytes), thumb:src/thumbs/hinh_tet_2020-20251205t024301z-1-001/IMG_2636.webp (65432 bytes)
src/albums/hinh_tet_2020-20251205t024301z-1-001/IMG_2568.jpg -> row:src/row/hinh_tet_2020-20251205t024301z-1-001/IMG_2568.webp (1481952 bytes), thumb:src/thumbs/hinh_tet_2020-20251205t024301z-1-001/IMG_2568.webp (65428 bytes)
src/albums/hinh_tet_2020-20251205t024301z-1-001/IMG_2742.jpg -> row:src/row/hinh_tet_2020-20251205t024301z-1-001/IMG_2742.webp (499006 bytes), thumb:src/thumbs/hinh_tet_2020-20251205t024301z-1-001/IMG_2742.webp (61490 bytes)
src/albums/hinh_tet_2020-20251205t024301z-1-001/IMG_2569.jpg -> row:src/row/hinh_tet_2020-20251205t024301z-1-001/IMG_2569.webp (483754 bytes), thumb:src/thumbs/hinh_tet_2020-20251205t024301z-1-001/IMG_2569.webp (66010 bytes)
src/albums/hinh_tet_2020-20251205t024301z-1-001/IMG_2596.jpg -> row:src/row/hinh_tet_2020-20251205t024301z-1-001/IMG_2596.webp (498726 bytes), thumb:src/thumbs/hinh_tet_2020-20251205t024301z-1-001/IMG_2596.webp (52002 bytes)
src/albums/hinh_tet_2020-20251205t024301z-1-001/IMG_2637.jpg -> row:src/row/hinh_tet_2020-20251205t024301z-1-001/IMG_2637.webp (1636540 bytes), thumb:src/thumbs/hinh_tet_2020-20251205t024301z-1-001/IMG_2637.webp (72188 bytes)
src/albums/hinh_tet_2020-20251205t024301z-1-001/IMG_2623.jpg -> row:src/row/hinh_tet_2020-20251205t024301z-1-001/IMG_2623.webp (483996 bytes), thumb:src/thumbs/hinh_tet_2020-20251205t024301z-1-001/IMG_2623.webp (56206 bytes)
src/albums/hinh_tet_2020-20251205t024301z-1-001/IMG_2635.jpg -> row:src/row/hinh_tet_2020-20251205t024301z-1-001/IMG_2635.webp (1728756 bytes), thumb:src/thumbs/hinh_tet_2020-20251205t024301z-1-001/IMG_2635.webp (68116 bytes)
src/albums/hinh_tet_2020-20251205t024301z-1-001/IMG_2621.jpg -> row:src/row/hinh_tet_2020-20251205t024301z-1-001/IMG_2621.webp (490534 bytes), thumb:src/thumbs/hinh_tet_2020-20251205t024301z-1-001/IMG_2621.webp (52724 bytes)
src/albums/hinh_tet_2020-20251205t024301z-1-001/IMG_2609.jpg -> row:src/row/hinh_tet_2020-20251205t024301z-1-001/IMG_2609.webp (489322 bytes), thumb:src/thumbs/hinh_tet_2020-20251205t024301z-1-001/IMG_2609.webp (116838 bytes)
src/albums/hinh_tet_2020-20251205t024301z-1-001/IMG_2580.jpg -> row:src/row/hinh_tet_2020-20251205t024301z-1-001/IMG_2580.webp (454590 bytes), thumb:src/thumbs/hinh_tet_2020-20251205t024301z-1-001/IMG_2580.webp (72122 bytes)
src/albums/hinh_tet_2020-20251205t024301z-1-001/IMG_2594.jpg -> row:src/row/hinh_tet_2020-20251205t024301z-1-001/IMG_2594.webp (489794 bytes), thumb:src/thumbs/hinh_tet_2020-20251205t024301z-1-001/IMG_2594.webp (42758 bytes)
src/albums/hinh_tet_2020-20251205t024301z-1-001/IMG_2740.jpg -> row:src/row/hinh_tet_2020-20251205t024301z-1-001/IMG_2740.webp (1424830 bytes), thumb:src/thumbs/hinh_tet_2020-20251205t024301z-1-001/IMG_2740.webp (65356 bytes)
src/albums/hinh_tet_2020-20251205t024301z-1-001/IMG_2595.jpg -> row:src/row/hinh_tet_2020-20251205t024301z-1-001/IMG_2595.webp (494964 bytes), thumb:src/thumbs/hinh_tet_2020-20251205t024301z-1-001/IMG_2595.webp (48576 bytes)
src/albums/hinh_tet_2020-20251205t024301z-1-001/IMG_2608.jpg -> row:src/row/hinh_tet_2020-20251205t024301z-1-001/IMG_2608.webp (493118 bytes), thumb:src/thumbs/hinh_tet_2020-20251205t024301z-1-001/IMG_2608.webp (111632 bytes)
src/albums/hinh_tet_2020-20251205t024301z-1-001/IMG_2620.jpg -> row:src/row/hinh_tet_2020-20251205t024301z-1-001/IMG_2620.webp (488722 bytes), thumb:src/thumbs/hinh_tet_2020-20251205t024301z-1-001/IMG_2620.webp (53194 bytes)
src/albums/hinh_tet_2020-20251205t024301z-1-001/IMG_2634.jpg -> row:src/row/hinh_tet_2020-20251205t024301z-1-001/IMG_2634.webp (475076 bytes), thumb:src/thumbs/hinh_tet_2020-20251205t024301z-1-001/IMG_2634.webp (66412 bytes)
src/albums/hinh_tet_2020-20251205t024301z-1-001/IMG_2618.jpg -> row:src/row/hinh_tet_2020-20251205t024301z-1-001/IMG_2618.webp (474938 bytes), thumb:src/thumbs/hinh_tet_2020-20251205t024301z-1-001/IMG_2618.webp (73968 bytes)
src/albums/hinh_tet_2020-20251205t024301z-1-001/IMG_2630.jpg -> row:src/row/hinh_tet_2020-20251205t024301z-1-001/IMG_2630.webp (495846 bytes), thumb:src/thumbs/hinh_tet_2020-20251205t024301z-1-001/IMG_2630.webp (71696 bytes)
src/albums/hinh_tet_2020-20251205t024301z-1-001/IMG_2585.jpg -> row:src/row/hinh_tet_2020-20251205t024301z-1-001/IMG_2585.webp (932254 bytes), thumb:src/thumbs/hinh_tet_2020-20251205t024301z-1-001/IMG_2585.webp (31554 bytes)
src/albums/hinh_tet_2020-20251205t024301z-1-001/IMG_2744.jpg -> row:src/row/hinh_tet_2020-20251205t024301z-1-001/IMG_2744.webp (494566 bytes), thumb:src/thumbs/hinh_tet_2020-20251205t024301z-1-001/IMG_2744.webp (65388 bytes)
src/albums/hinh_tet_2020-20251205t024301z-1-001/IMG_2590.jpg -> row:src/row/hinh_tet_2020-20251205t024301z-1-001/IMG_2590.webp (481784 bytes), thumb:src/thumbs/hinh_tet_2020-20251205t024301z-1-001/IMG_2590.webp (32120 bytes)
src/albums/hinh_tet_2020-20251205t024301z-1-001/IMG_2625.jpg -> row:src/row/hinh_tet_2020-20251205t024301z-1-001/IMG_2625.webp (490960 bytes), thumb:src/thumbs/hinh_tet_2020-20251205t024301z-1-001/IMG_2625.webp (87534 bytes)
src/albums/hinh_tet_2020-20251205t024301z-1-001/IMG_2619.jpg -> row:src/row/hinh_tet_2020-20251205t024301z-1-001/IMG_2619.webp (489396 bytes), thumb:src/thumbs/hinh_tet_2020-20251205t024301z-1-001/IMG_2619.webp (55248 bytes)
src/albums/hinh_tet_2020-20251205t024301z-1-001/IMG_2592.jpg -> row:src/row/hinh_tet_2020-20251205t024301z-1-001/IMG_2592.webp (481714 bytes), thumb:src/thumbs/hinh_tet_2020-20251205t024301z-1-001/IMG_2592.webp (44544 bytes)
src/albums/hinh_tet_2020-20251205t024301z-1-001/IMG_2586.jpg -> row:src/row/hinh_tet_2020-20251205t024301z-1-001/IMG_2586.webp (485770 bytes), thumb:src/thumbs/hinh_tet_2020-20251205t024301z-1-001/IMG_2586.webp (31482 bytes)
src/albums/hinh_tet_2020-20251205t024301z-1-001/IMG_2578.jpg -> row:src/row/hinh_tet_2020-20251205t024301z-1-001/IMG_2578.webp (304198 bytes), thumb:src/thumbs/hinh_tet_2020-20251205t024301z-1-001/IMG_2578.webp (72382 bytes)
src/albums/hinh_tet_2020-20251205t024301z-1-001/IMG_2587.jpg -> row:src/row/hinh_tet_2020-20251205t024301z-1-001/IMG_2587.webp (490924 bytes), thumb:src/thumbs/hinh_tet_2020-20251205t024301z-1-001/IMG_2587.webp (32664 bytes)
src/albums/hinh_tet_2020-20251205t024301z-1-001/IMG_2626.jpg -> row:src/row/hinh_tet_2020-20251205t024301z-1-001/IMG_2626.webp (491538 bytes), thumb:src/thumbs/hinh_tet_2020-20251205t024301z-1-001/IMG_2626.webp (71264 bytes)
Done: generated .webp files in src/row and src/thumbs
Converted: 137 | Skipped: 11 | Failed: 0 | Removed row: 0 | Removed thumbs: 0

Done.
Output folders:
  - src/row
  - src/thumbs

Tip: run this command each time you add new images/albums:
  ./scripts/build-album-images.sh
